Date,total_revenue,total_quantity,transaction_count,unique_customers,avg_order_value,revenue_ma_7d,revenue_std_7d,qty_ma_7d,revenue_ma_14d,revenue_std_14d,qty_ma_14d,revenue_ma_30d,revenue_std_30d,qty_ma_30d,revenue_lag_1d,revenue_lag_7d,revenue_lag_14d,day_of_week,is_weekend,month,week_of_year
2009-12-01,43894.87,24335,98,91,20.28413585951941,43894.87,,24335.0,43894.87,,24335.0,43894.87,,24335.0,,,,1,0,12,49
2009-12-02,52762.06,29679,110,94,23.491567230632235,48328.465,6270.050179069542,27007.0,48328.465,6270.050179069542,27007.0,48328.465,6270.050179069542,27007.0,43894.87,,,2,0,12,49
2009-12-03,67413.62,48009,122,106,28.69885908897403,54690.18333333333,11877.337457613694,34007.666666666664,54690.18333333333,11877.337457613694,34007.666666666664,54690.18333333333,11877.337457613694,34007.666666666664,52762.06,,,3,0,12,49
2009-12-04,33913.81,19954,80,76,17.943814814814814,49496.09,14211.328307945038,30494.25,49496.09,14211.328307945038,30494.25,49496.09,14211.328307945038,30494.25,67413.62,,,4,0,12,49
2009-12-05,9803.05,5119,30,26,24.507624999999997,41557.481999999996,21600.436895939627,25419.2,41557.481999999996,21600.436895939627,25419.2,41557.481999999996,21600.436895939627,25419.2,33913.81,,,5,1,12,49
2009-12-06,24390.1,11502,72,63,13.098872180451128,38696.25166666666,20551.956923823494,23099.666666666668,38696.25166666666,20551.956923823494,23099.666666666668,38696.25166666666,20551.956923823494,23099.666666666668,9803.05,,,6,1,12,49
2009-12-07,33002.49,15557,94,77,19.010650921658986,37882.857142857145,18884.30704028587,22022.14285714286,37882.857142857145,18884.30704028587,22022.14285714286,37882.857142857145,18884.30704028587,22022.14285714286,24390.1,,,0,0,12,50
2009-12-08,44763.34,22241,102,91,25.96481438515081,38006.92428571428,18933.177720218067,21723.0,38742.917499999996,17651.894791675844,22049.5,38742.917499999996,17651.894791675844,22049.5,33002.49,43894.87,,1,0,12,50
2009-12-09,30763.170000000002,15881,77,74,21.92670705630791,34864.22571428571,17871.827818949067,19751.85714285714,37856.27888888889,16724.708316133976,21364.11111111111,37856.27888888889,16724.708316133976,21364.11111111111,44763.34,52762.06,,2,0,12,50
2009-12-10,38598.21,22534,87,82,20.863897297297296,30747.73857142857,11197.281537936527,16112.57142857143,37930.471999999994,15769.951601681385,21481.1,37930.471999999994,15769.951601681385,21481.1,30763.170000000002,67413.62,,3,0,12,50
2009-12-11,39204.17,21212,65,58,28.063113815318538,31503.504285714287,11617.254656687546,16292.285714285714,38046.262727272726,14965.617881837748,21456.636363636364,38046.262727272726,14965.617881837748,21456.636363636364,38598.21,33913.81,,4,0,12,50
2009-12-13,21577.35,12205,69,63,12.70750883392226,33185.54714285715,8342.437493867748,17304.571428571428,36673.85333333333,15040.31002380985,20685.666666666668,36673.85333333333,15040.31002380985,20685.666666666668,39204.17,9803.05,,6,1,12,50
2009-12-14,51245.159999999996,40815,80,69,26.97113684210526,37021.98428571429,9689.681423073816,21492.14285714286,37794.723076923074,14956.354900571743,22234.076923076922,37794.723076923074,14956.354900571743,22234.076923076922,21577.35,24390.1,,0,0,12,51
2009-12-15,46836.63,26401,94,89,29.71867385786802,38998.29,10133.854175763201,23041.285714285714,38440.57357142858,14571.381286328457,22531.714285714286,38440.57357142858,14571.381286328457,22531.714285714286,51245.159999999996,33002.49,,1,0,12,51
2009-12-16,36927.3,22044,90,81,21.557092819614713,37878.85571428571,9818.785303107941,23013.14285714286,37942.89,14489.51872094446,22368.071428571428,38339.68866666666,14046.76961880299,22499.2,46836.63,44763.34,43894.87,2,0,12,51
2009-12-17,29758.87,15031,84,77,18.59929375,37735.38428571429,9946.593767308577,22891.714285714286,36299.805,13974.90655912108,21321.785714285714,37803.3875,13738.978273657518,22032.4375,36927.3,30763.170000000002,52762.06,3,0,12,51
2009-12-18,31562.72,15225,61,55,28.64130671506352,36730.31428571428,10197.177073973064,21847.571428571428,33739.02642857143,10746.87234403473,18980.071428571428,37436.2894117647,13388.53953433097,21632.0,29758.87,38598.21,67413.62,4,0,12,51
2009-12-20,11355.19,6236,32,31,18.40387358184765,32751.88857142857,13849.647371801475,19708.14285714286,32127.696428571428,12297.888030459415,18000.214285714286,35987.33944444444,14370.06977792935,20776.666666666668,31562.72,39204.17,33913.81,6,1,12,51
2009-12-21,15549.64,8446,31,30,35.91140877598152,31890.78714285714,14814.030330941578,19171.14285714286,32538.167142857146,11569.781461975997,18237.85714285714,34911.67105263158,14731.290890616287,20127.684210526317,11355.19,21577.35,9803.05,0,0,12,52
2009-12-22,10696.59,11913,21,16,39.18164835164835,26098.13428571428,13883.151790628393,15042.285714285714,31560.059285714284,12822.599413093008,18267.214285714286,33700.917,15326.702543595742,19716.95,15549.64,51245.159999999996,24390.1,1,0,12,52
2009-12-23,9485.67,4321,13,12,27.98132743362832,20762.282857142858,11568.931193271785,11888.0,29880.286428571428,14096.215706739058,17464.64285714286,32547.81,15845.66789817646,18983.809523809523,10696.59,46836.63,33002.49,2,0,12,52
2010-01-04,13415.09,10593,26,22,22.584326599326598,17403.395714285714,9280.262366172357,10252.142857142857,27641.125714285714,14039.9060489453,16632.64285714286,31678.140909090907,15992.744876193647,18602.409090909092,9485.67,36927.3,44763.34,0,0,1,1
2010-01-05,19051.19,11288,33,31,21.310055928411632,15873.727142857142,7642.184429469333,9717.42857142857,26804.55571428571,14187.720715102525,16304.57142857143,31129.143043478263,15845.322484938986,18284.391304347828,13415.09,29758.87,30763.170000000002,1,0,1,1
2010-01-06,8731.26,7458,13,13,30.107793103448277,12612.089999999998,3670.1566537365056,8607.857142857143,24671.202142857142,14519.550269263305,15227.714285714286,30195.897916666665,16157.372569398123,17833.291666666668,19051.19,31562.72,38598.21,2,0,1,1
2010-01-07,72989.38,40592,45,41,75.24678350515464,21416.97428571429,23028.879471648095,13515.857142857143,27084.43142857143,19180.384849719158,16612.0,31907.637199999997,17984.283250046534,18743.64,8731.26,11355.19,39204.17,3,0,1,1
2010-01-08,30292.7,12694,44,42,43.09061166429588,23523.125714285714,23076.96368232676,14122.714285714286,27706.95642857143,19129.2619924597,16646.928571428572,31845.52423076923,17623.77300131278,18510.96153846154,72989.38,15549.64,21577.35,4,0,1,1
2010-01-10,23157.33,13291,31,29,34.25640532544379,25303.23142857143,22393.116019471563,14319.57142857143,25700.682857142856,17904.38888857204,14680.92857142857,31523.73925925926,17362.230624485732,18317.62962962963,30292.7,10696.59,51245.159999999996,6,1,1,1
2010-01-11,19684.49,9414,43,37,37.28123106060606,26760.205714285716,21506.68678023562,15047.142857142857,23761.24428571429,16880.07301845249,13467.57142857143,31100.908928571425,17183.955897814667,17999.64285714286,23157.33,9485.67,46836.63,0,0,1,2
2010-01-12,38833.58,20782,36,32,47.590171568627454,30391.41857142857,21018.24510235922,16502.714285714286,23897.407142857144,17001.69666349822,13377.42857142857,31367.55275862069,16935.29442246384,18095.58620689655,19684.49,13415.09,36927.3,1,0,1,2
2010-01-13,12391.1,6541,25,25,26.086526315789474,29439.977142857144,21754.97553118114,15824.57142857143,22656.852142857148,17173.867997666675,12771.0,30735.004333333334,16997.585786897376,17710.433333333334,38833.58,19051.19,29758.87,2,0,1,2
2010-01-14,23721.64,11788,55,47,18.44606531881804,31581.46,20047.52908447904,16443.14285714286,22096.774999999998,16987.937637369796,12525.5,30062.563333333335,16857.475230088185,17292.2,12391.1,8731.26,31562.72,3,0,1,2
2010-01-15,13499.55,8414,44,37,21.292665615141956,23082.91285714286,9293.214729973155,11846.285714285714,22249.943571428572,16893.04023294737,12681.07142857143,28753.813,16555.80021453907,16583.366666666665,23721.64,72989.38,11355.19,4,0,1,2
2010-01-17,17363.25,9910,39,35,16.136849442379184,21235.84857142857,8897.893264976481,11448.57142857143,22379.487142857142,16844.591171719654,12785.642857142857,27085.467333333334,14971.702079824234,15313.4,13499.55,30292.7,15549.64,6,1,1,2
2010-01-18,12078.84,8319,35,32,14.57037394451146,19653.207142857143,9466.25995475809,10738.285714285714,22478.219285714287,16774.752195939935,12528.92857142857,26357.635000000002,15157.88680002427,14925.566666666668,17363.25,23157.33,10696.59,0,0,1,3
2010-01-19,21892.791,12939,45,41,19.902537272727272,19968.678714285714,9504.197022330945,11241.857142857143,23364.44221428572,16358.110104037858,13144.5,26760.626366666667,14860.376522358936,15186.233333333334,12078.84,19684.49,9485.67,1,0,1,3
2010-01-20,13244.34,8208,35,31,17.970610583446405,16313.073,4791.774634589554,9445.57142857143,23352.245785714284,16366.160531576288,12974.142857142857,26389.101033333332,15059.677368542849,15076.433333333332,21892.791,38833.58,13415.09,2,0,1,3
2010-01-21,27359.23,72900,48,47,23.936334208223972,18451.377285714283,5949.732775791511,18925.428571428572,23945.677214285715,16348.823356073228,17375.0,26200.992366666665,15009.382446537866,16987.866666666665,13244.34,12391.1,19051.19,3,0,1,3
2010-01-22,29345.83,16974,42,39,32.14220153340636,19254.833000000002,7056.800076196661,19666.285714285714,25418.1465,15791.96768672316,18054.714285714286,25687.075366666668,14610.543211312632,16812.3,27359.23,23721.64,8731.26,4,0,1,3
2010-01-24,15552.32,8700,49,48,12.895787728026534,19548.085857142858,6816.327253122682,19707.14285714286,21315.499357142857,8041.667690387422,15776.714285714286,25180.047033333332,14692.016847830257,16572.933333333334,29345.83,13499.55,72989.38,6,1,1,3
2010-01-25,18346.54,9104,45,44,15.1000329218107,19688.55585714286,6773.797375522808,19592.0,20462.202214285713,7639.5751706301335,15520.285714285714,24504.99136666667,14518.45927162424,16125.266666666666,15552.32,17363.25,30292.7,0,0,1,4
2010-01-26,38570.37,22305,81,68,33.39425974025974,23473.060142857146,8885.041796812757,21590.0,21563.133642857145,9040.055057986832,16164.142857142857,24483.8647,14496.777005127724,16161.7,18346.54,12078.84,23157.33,1,0,1,4
2010-01-27,23722.72,16985,51,47,23.651764705882353,23734.478571428575,8857.675661100215,22168.0,21851.578642857145,9039.926160834386,16704.928571428572,24555.377033333334,14487.233209223068,16321.033333333333,38570.37,21892.791,19684.49,2,0,1,4
2010-01-28,18914.83,10855,53,48,17.25805656934307,24544.54857142857,7951.341815206231,22546.14285714286,20428.810785714286,7617.085098424107,15995.857142857143,23477.699366666664,13609.260839241138,15322.366666666667,23722.72,13244.34,38833.58,3,0,1,4
2010-01-29,25382.441,9471,45,37,32.458364450127874,24262.150142857143,7869.396525399072,13484.857142857143,21356.763714285713,7349.192079376044,16205.142857142857,22762.559733333335,12883.821847608517,14758.033333333333,18914.83,27359.23,12391.1,4,0,1,4
2010-01-31,18261.86,10557,48,47,13.65883320867614,22678.725857142857,7790.736632610531,12568.142857142857,20966.77942857143,7358.9018599915635,16117.214285714286,22140.3784,12624.273607710262,14375.133333333333,25382.441,29345.83,23721.64,6,1,1,4
2010-02-01,16606.931,8581,56,49,17.57347195767196,22829.384571428574,7638.669274175235,12551.142857142857,21188.735214285716,7160.542187221149,16129.142857142857,21701.980433333334,12578.865803404258,14160.133333333333,18261.86,15552.32,13499.55,0,0,2,5
2010-02-02,19532.03,10543,41,34,18.374440263405454,22998.740285714284,7535.15640065264,12756.714285714286,21343.648071428568,7094.570516250538,16174.357142857143,21300.957433333337,12444.71636781729,14004.066666666668,16606.931,18346.54,17363.25,1,0,2,5
2010-02-03,17230.061,9369,44,41,18.728327173913044,19950.124714285714,3327.0382805102804,10908.714285714286,21711.592428571428,6699.699578942897,16249.357142857143,21496.78646666667,12328.494379661835,14108.5,19532.03,38570.37,12078.84,2,0,2,5
2010-02-04,22486.01,12794,62,52,15.182991222147196,19773.451857142856,3119.691443696429,10310.0,21753.965214285712,6702.80894697956,16239.0,21727.9988,12278.053976747184,14253.433333333332,17230.061,23722.72,21892.791,3,0,2,5
2010-02-05,19420.74,9889,38,35,29.78641104294479,19845.724714285716,3102.2964296008427,10172.0,22195.136642857142,6290.192540392745,16359.07142857143,22018.8038,12109.93053717131,14185.966666666667,22486.01,18914.83,13244.34,4,0,2,5
2010-02-07,17023.920000000002,11179,29,29,21.52202275600506,18651.650285714288,2044.1835066426445,10416.0,21456.900214285713,6243.818528144826,11950.42857142857,22270.0788,11917.586770292917,14414.566666666668,19420.74,25382.441,27359.23,6,1,2,5
2010-02-08,13016.04,7043,49,45,14.892494279176203,17902.24742857143,2965.0478237439734,9914.0,20290.486642857144,6181.698340696838,11241.07142857143,22256.777133333333,11928.029085151029,14296.233333333334,17023.920000000002,18261.86,29345.83,0,0,2,6
2010-02-09,18398.26,10629,51,51,20.788994350282483,18158.15157142857,2911.4379863766408,10206.57142857143,20493.768071428574,6059.486514571044,11378.857142857143,22235.012800000004,11934.673641353222,14274.266666666666,13016.04,16606.931,15552.32,1,0,2,6
2010-02-10,6082.34,3066,27,24,12.697995824634656,16236.767285714286,5306.513090054635,9138.42857142857,19617.75378571428,7177.212630840534,10947.57142857143,22146.71546666667,12047.292182765656,14127.866666666667,18398.26,19532.03,18346.54,2,0,2,6
2010-02-11,15061.87,9027,54,48,18.75699875466999,15927.025714285714,5302.148297171144,9089.57142857143,17938.575214285713,4737.253352088505,9999.142857142857,20215.798466666667,7339.889841749894,13075.7,6082.34,17230.061,38570.37,3,0,2,6
2010-02-12,9728.96,7324,28,27,16.545850340136052,14104.59,4844.644802951638,8308.142857142857,16939.020928571426,4896.579099955928,9309.07142857143,19530.34046666667,7326.568939194266,12896.7,15061.87,22486.01,23722.72,4,0,2,6
2010-02-14,17772.19,10892,45,39,15.46752828546562,13869.082857142856,4575.753002471118,8451.42857142857,16857.403785714287,4870.566383668323,9311.714285714286,19350.8358,7300.564792582352,12816.733333333334,9728.96,19420.74,18914.83,6,1,2,6
2010-02-15,42318.211,96358,43,35,49.55294028103045,17482.553,11787.173980046105,20619.85714285714,18067.101642857142,8149.944310760006,15517.92857142857,20105.293166666666,8419.931122944936,15714.866666666667,17772.19,17023.920000000002,25382.441,0,0,2,7
2010-02-16,25669.010000000002,15744,58,51,19.098965773809525,19290.120142857144,11957.020738303909,21862.85714285714,18596.183785714285,8400.150129375525,15888.42857142857,19666.474166666667,7724.549573267276,15546.933333333332,42318.211,13016.04,18261.86,1,0,2,7
2010-02-17,26455.22,24986,46,42,26.88538617886179,20441.11442857143,12241.267609644308,23913.85714285714,19299.633,8629.96720272533,17060.214285714286,20135.278166666667,7694.4987114578435,16161.766666666666,25669.010000000002,18398.26,16606.931,2,0,2,7
2010-02-18,35737.24,19851,62,58,27.23875,24677.528714285716,11556.083596605778,26311.714285714286,20457.148000000005,9685.736868156595,17725.071428571428,20535.798166666664,8184.722386831173,16430.533333333333,26455.22,6082.34,19532.03,3,0,2,7
2010-02-19,18931.99,10862,34,30,26.968646723646724,25230.403,11103.070456166284,26573.85714285714,20578.71435714286,9652.74214503093,17831.714285714286,20716.8795,8083.146440182165,16512.133333333335,35737.24,15061.87,17230.061,4,0,2,7
2010-02-21,11394.731,5555,37,34,12.563099228224917,25468.370285714285,10726.942146867072,26321.14285714286,19786.480142857145,9935.180246403952,17314.64285714286,20517.92886666667,8240.45658265309,16366.966666666667,18931.99,9728.96,22486.01,6,1,2,7
2010-02-22,26336.24,13423,46,41,23.855289855072463,26691.806000000004,10177.165364638848,26682.714285714286,20280.44442857143,10086.361939185485,17567.071428571428,20993.17553333333,8147.577083777027,16537.1,11394.731,17772.19,19420.74,0,0,2,8
2010-02-23,20840.01,11574,44,42,21.287037793667004,23623.49157142857,7589.524340922834,14570.714285714286,20553.022285714287,10043.057471274626,17595.285714285714,20958.082833333334,8145.835755499195,16491.6,26336.24,42318.211,17023.920000000002,1,0,2,8
2010-02-24,30392.661,21941,59,47,29.2237125,24298.298857142858,8000.575326498612,15456.0,21794.209499999997,10113.447985677427,18659.428571428572,21529.69353333333,8187.441681655976,16949.366666666665,20840.01,25669.010000000002,13016.04,2,0,2,8
2010-02-25,44604.16,26014,66,55,33.587469879518075,26891.004571428573,11140.586914671756,15602.857142857143,23666.059500000003,11732.17681604391,19758.35714285714,22104.524533333333,9158.614607576526,15386.5,30392.661,26455.22,18398.26,3,0,2,8
2010-02-26,12778.641,6798,32,26,20.98299014778325,23611.20471428571,11476.63841182168,13738.142857142857,24144.366714285716,11078.452571824246,20024.928571428572,21552.284900000002,9206.281522754856,15047.3,44604.16,35737.24,6082.34,4,0,2,8
2010-02-28,16741.49,8419,53,50,13.425412991178831,23298.276142857147,11653.982404395621,13389.142857142857,24264.339571428573,10981.196432964778,19981.5,21591.9239,9182.08524898519,15037.933333333332,12778.641,18931.99,15061.87,6,1,2,8
2010-03-01,23933.87,21188,57,49,23.886097804391216,25089.581714285716,10417.453290218928,15622.42857142857,25278.976,10160.428170843139,20971.785714285714,21778.168233333334,9170.645790811392,15440.733333333334,16741.49,11394.731,9728.96,0,0,3,9
2010-03-02,21667.8,11019,52,48,20.975605033881898,24422.66171428571,10473.62525217064,15279.0,25557.233857142855,9990.960067656288,20980.85714285714,21214.749233333332,8605.195892865182,15064.533333333333,23933.87,26336.24,17772.19,1,0,3,9
2010-03-03,31849.7,20031,60,53,21.607666214382633,25995.474571428575,10670.756595667379,16487.14285714286,24809.48307142857,8980.695612965743,15528.92857142857,21485.648566666667,8812.301670572137,15166.066666666668,21667.8,20840.01,42318.211,2,0,3,9
2010-03-04,29966.350000000002,18044,73,67,18.350489895897123,25934.573,10642.657234886374,15930.42857142857,25116.435928571427,9085.165538446083,15693.214285714286,21854.03256666667,8931.318678588921,15405.7,31849.7,30392.661,25669.010000000002,3,0,3,9
2010-03-05,25361.64,17947,59,55,24.575232558139533,23185.641571428572,6812.675974420539,14778.0,25038.32307142857,9077.467398331422,15190.42857142857,21853.3392,8931.036114406317,15688.233333333334,29966.350000000002,44604.16,26455.22,4,0,3,9
2010-03-07,19034.6,10876,50,46,11.098892128279882,24079.350000000002,5504.6920219875055,15360.57142857143,23845.27735714286,8650.72803065945,14549.357142857143,21879.0972,8921.429914430431,15698.866666666667,25361.64,12778.641,35737.24,6,1,3,9
2010-03-08,26605.58,13876,69,66,28.03538461538462,25488.50571428571,4480.465291781813,16140.142857142857,24393.39092857143,8558.078146008322,14764.642857142857,22212.385499999997,8904.429177459746,15875.366666666667,19034.6,16741.49,18931.99,0,0,3,10
2010-03-09,19665.69,11984,53,51,21.168665231431646,24878.765714285713,4988.874721991739,14825.285714285714,24984.173714285713,7847.72762859624,15223.857142857143,22216.840833333332,8903.075150985916,15923.4,26605.58,23933.87,11394.731,1,0,3,10
2010-03-10,22905.79,17302,56,47,20.524901433691756,25055.62142857143,4876.758019686903,15722.857142857143,24739.141571428572,7855.815098641674,15500.92857142857,22406.0318,8853.619069820224,16187.833333333334,19665.69,21667.8,26336.24,2,0,3,10
2010-03-11,21537.09,13706,46,39,21.645316582914575,23582.391428571427,3952.3057836382704,14819.285714285714,24788.932999999997,7831.371821464433,15653.214285714286,22374.401133333333,8855.018442197632,16218.233333333334,22905.79,31849.7,20840.01,3,0,3,10
2010-03-12,19123.05,10586,35,30,29.973432601880877,22033.34857142857,3056.6427270859085,13753.857142857143,23983.960785714287,7790.150284070507,14842.142857142857,22364.47813333333,8858.608540346579,16241.466666666667,21537.09,29966.350000000002,30392.661,4,0,3,10
2010-03-14,8947.9,4927,24,22,13.787211093990754,19688.528571428575,5442.46517706641,11893.857142857143,21437.08507142857,6195.545449929565,13335.92857142857,22095.277466666666,9144.59016733344,16033.066666666668,19123.05,25361.64,44604.16,6,1,3,10
2010-03-15,20536.681,13990,49,41,20.434508457711445,19903.111571428573,5441.996908914672,12338.714285714286,21991.230785714284,5687.673403100573,13849.642857142857,22345.9655,8988.869910548836,16264.633333333333,8947.9,19034.6,12778.641,0,0,3,11
2010-03-16,21048.78,12256,43,42,21.304433198380565,19109.283,4648.8405121839305,12107.285714285714,22298.894357142857,5495.091603954823,14123.714285714286,22434.316166666667,8961.715164678451,16318.866666666667,20536.681,26605.58,16741.49,1,0,3,11
2010-03-17,29543.78,78565,44,40,27.154209558823528,20520.438714285712,6114.190112489234,21618.85714285714,22699.602214285715,5818.50959092942,18222.071428571428,23216.36416666667,8497.194671559759,18835.5,21048.78,19665.69,23933.87,2,0,3,11
2010-03-18,37570.75,20574,81,70,27.707042772861357,22615.433,8931.219879102324,22086.285714285714,23835.527214285714,7028.171675768606,18904.571428571428,23966.66016666667,8742.546571744735,19220.4,29543.78,22905.79,21667.8,3,0,3,11
2010-03-19,35274.3,12780,52,47,31.692991913746635,24577.891571428572,10088.983395757812,21954.0,24080.1415,7379.380908335824,18386.64285714286,24818.1715,8549.914220693468,19402.266666666666,37570.75,21537.09,31849.7,4,0,3,11
2010-03-21,20485.48,12262,55,51,15.507554882664648,24772.52442857143,9978.751408336624,22193.428571428572,23402.936500000003,7231.193442833445,17973.64285714286,24908.614500000003,8486.928944790245,19447.933333333334,35274.3,19123.05,29966.350000000002,6,1,3,11
2010-03-22,21494.16,12051,52,49,19.792044198895027,26564.847285714284,7475.458341219025,23211.14285714286,23126.687928571428,7224.480734072587,17552.5,24214.479466666664,7840.919787724533,16637.7,20485.48,8947.9,25361.64,0,0,3,12
2010-03-23,41826.29,54157,65,58,37.92048050770626,29606.22,8823.435399648268,28949.285714285714,24754.665785714285,8657.305282328236,20644.0,24753.055466666665,8473.648724264649,17918.133333333335,21494.16,20536.681,19034.6,1,0,3,12
2010-03-24,25970.5,13663,66,59,21.750837520938024,30309.32285714286,8202.096060167994,29150.285714285714,24709.302928571433,8648.520158577765,20628.785714285714,24736.898133333332,8470.75279330921,17540.7,41826.29,21048.78,26605.58,2,0,3,12
2010-03-25,30503.38,16603,75,67,19.281529709228824,30446.40857142857,8195.184902718616,20298.571428571428,25483.423642857146,8647.37990352094,20958.714285714286,24562.436133333333,8288.31253556113,17432.433333333334,25970.5,29543.78,19665.69,3,0,3,12
2010-03-26,29867.35,20215,56,48,28.418030447193146,29345.922857142858,7572.625259504791,20247.285714285714,25980.677928571426,8687.817638281413,21166.785714285714,24926.948133333335,8272.600669878844,17744.2,30503.38,37570.75,22905.79,4,0,3,12
2010-03-28,22402.0,14517,59,56,12.508096035734226,27507.022857142856,7455.081673522431,20495.428571428572,26042.457214285714,8656.808381596928,21224.714285714286,25293.8571,7886.8234291888175,18042.933333333334,29867.35,35274.3,21537.09,6,1,3,12
2010-03-29,31740.38,18251,58,41,25.150855784469098,29114.865714285716,6879.832781213612,21351.0,26943.695071428574,8536.983884824163,21772.214285714286,25473.9951,7972.701559852024,18203.866666666665,22402.0,20485.48,19123.05,0,0,3,13
2010-03-30,33524.51,18224,68,54,25.05568759342302,30833.487142857146,6119.460548451691,22232.85714285714,28699.167214285717,6926.849382029034,22722.0,25896.811766666666,8054.403141377898,18425.533333333333,31740.38,21494.16,8947.9,1,0,3,13
2010-03-31,24591.07,12506,67,59,18.365250186706497,28371.312857142857,4090.1655643168447,16282.714285714286,28988.76642857143,6638.07365680921,22616.0,25703.425400000004,8012.27343340824,18111.033333333333,33524.51,41826.29,20536.681,2,0,3,13
2010-04-01,28646.66,16895,74,72,19.921182197496524,28753.62142857143,3951.065696506932,16744.428571428572,29531.472142857143,6237.49532931554,22947.35714285714,25171.508733333332,7203.055010063322,17807.066666666666,24591.07,25970.5,21048.78,3,0,4,13
2010-04-06,17900.83,12715,53,46,20.11329213483146,26953.257142857146,5563.238964151788,16189.0,28699.83285714286,6969.005415918298,18243.785714285714,25342.248366666667,6955.625559456764,18004.3,28646.66,30503.38,29543.78,1,0,4,14
2010-04-07,32146.75,22970,59,46,30.128163074039364,27278.885714285716,5822.885306343247,16582.571428571428,28312.40428571429,6577.690315903733,18414.928571428572,25855.757033333335,6866.858299486756,18489.333333333332,17900.83,29867.35,37570.75,2,0,4,14
2010-04-08,39866.6,25830,81,70,26.507047872340426,29773.82857142857,7006.298563800559,18198.714285714286,28640.425714285713,7049.185454614534,19347.071428571428,26386.848033333332,7314.621364822798,18644.066666666666,32146.75,22402.0,35274.3,3,0,4,14
2010-04-09,14668.53,8676,35,33,20.865618776671408,27334.992857142857,8918.114527115955,16830.85714285714,28224.929285714286,7707.523850377972,19090.928571428572,26153.539033333338,7577.242370086412,18565.966666666667,39866.6,31740.38,20485.48,4,0,4,14
2010-04-11,19732.05,11585,42,40,18.372486033519554,25364.641428571427,8846.0464302354,15882.42857142857,28099.06428571429,7839.156970780324,19057.64285714286,25749.617366666665,7586.0992347367,18284.433333333334,14668.53,33524.51,21494.16,6,1,4,14
2010-04-12,25912.471,12188,44,37,29.71613646788991,25553.413,8840.885006757479,15837.0,26962.36292857143,6777.429572283948,16059.857142857143,25614.488066666665,7544.388267863981,18089.233333333334,19732.05,24591.07,41826.29,0,0,4,15
2010-04-13,25736.04,14373,49,43,21.699865092748738,25137.610142857146,8739.016131906363,15476.714285714286,26945.615785714286,6780.358058479532,16110.57142857143,25626.968066666668,7544.2652483077745,17970.1,25912.471,28646.66,25970.5,1,0,4,15
2010-04-14,27054.25,16322,43,39,25.450846660395108,26445.24157142857,8139.979929923464,15992.0,26699.249357142857,6703.367038940099,16090.5,25894.289733333335,7444.035327499221,18151.633333333335,25736.04,17900.83,30503.38,2,0,4,15
2010-04-15,19538.34,10700,64,57,17.92508256880734,24644.040142857142,8062.706787112067,14239.142857142857,25961.46292857143,6893.574730267068,15410.857142857143,25658.715066666668,7532.05448278267,18045.766666666666,27054.25,32146.75,29867.35,3,0,4,15
2010-04-16,19363.82,14781,38,37,23.30182912154031,21715.07157142857,4585.227044823425,12660.714285714286,25744.45007142857,7060.059027067674,15429.714285714286,25648.652733333332,7540.533718763969,18139.0,19538.34,39866.6,22402.0,4,0,4,15
2010-04-18,23934.46,12961,54,43,16.76082633053221,23038.775857142853,3394.9086375128977,13272.857142857143,25186.884357142855,6855.375263496695,15051.857142857143,25682.941733333333,7529.962455459245,17994.3,19363.82,14668.53,31740.38,6,1,4,15
2010-04-19,24561.04,14564,61,44,21.43197207678883,23728.63157142857,3087.7168971847395,13698.42857142857,24546.636499999997,6421.640381030052,14790.42857142857,25783.74006666667,7492.698677362029,18022.9,23934.46,19732.05,33524.51,0,0,4,16
2010-04-20,21202.35,12416,62,53,17.479266281945588,23055.757142857146,3045.4227340644647,13731.0,24304.58507142857,6483.405329844428,14784.0,25853.05006666667,7438.380656916041,18083.9,24561.04,25912.471,24591.07,1,0,4,16
2010-04-21,25873.86,11566,60,51,23.868874538745388,23075.445714285714,3066.0145633261604,13330.0,24106.527928571428,6382.119957615463,14403.357142857143,26417.248733333334,6719.047621683449,18305.2,21202.35,25736.04,28646.66,2,0,4,16
2010-04-22,35741.2,21229,77,67,29.759533721898414,24316.43857142857,5630.4629323718855,14031.0,25380.84007142857,6814.179922999124,15011.5,26924.066033333333,6832.658654606048,18546.5,25873.86,27054.25,17900.83,3,0,4,16
2010-04-23,14969.64,9829,52,43,16.360262295081966,23663.76714285714,6477.695508663299,13906.57142857143,24153.903642857145,7044.746826636421,14072.857142857143,26721.428033333334,7097.908763082267,18465.6,35741.2,19538.34,32146.75,4,0,4,16
2010-04-25,16574.53,8380,46,44,12.868423913043477,23265.29714285714,6860.752194763828,12992.142857142857,22490.184357142858,5663.490117283018,12826.42857142857,26289.1197,7311.8140342806355,16126.1,14969.64,19363.82,39866.6,6,1,4,16
2010-04-26,29734.03,17979,73,66,21.48412572254335,24093.807142857142,7291.676169609885,13709.0,23566.2915,5491.668477482857,13490.92857142857,26027.8957,7029.399334443295,16039.6,16574.53,23934.46,14668.53,0,0,4,17
2010-04-27,43534.06,22759,74,63,31.8231432748538,26804.23857142857,10370.561726016282,14879.714285714286,25266.435071428572,7522.290114495189,14289.07142857143,26303.22103333333,7546.766537406338,16372.233333333334,29734.03,24561.04,19732.05,1,0,4,17
2010-04-28,31181.87,19058,70,62,20.039762210796916,28229.88428571428,10155.840228802414,15828.57142857143,25642.820714285714,7687.125666729998,14779.785714285714,26659.767366666663,7515.038294136927,16598.766666666666,43534.06,21202.35,25912.471,2,0,4,17
2010-04-29,29575.671,16370,76,71,17.709982634730537,28758.714428571428,10108.982859510652,16514.85714285714,25917.08007142857,7758.8672845688,14922.42857142857,26929.151066666665,7468.185819275364,16742.733333333334,31181.87,25873.86,25736.04,3,0,4,17
2010-04-30,24532.95,16441,42,36,28.526686046511628,27157.535857142855,9697.978975458736,15830.857142857143,25736.987214285713,7759.70297063196,14930.92857142857,26352.706400000003,6926.43253214054,15485.533333333333,29575.671,35741.2,27054.25,4,0,4,17
2010-05-02,12342.17,6296,40,39,14.852190132370637,26782.182999999997,10281.608247541782,15326.142857142857,25222.97507142857,8412.755218012415,14616.357142857143,25898.42873333333,7384.15489894575,15239.966666666667,24532.95,14969.64,19538.34,6,1,5,17
2010-05-04,18945.33,10501,48,43,19.214330628803246,27120.868714285716,9922.079234542916,15629.142857142857,25193.08292857143,8435.887051918573,14310.642857142857,25513.1604,7436.938605283982,15036.566666666668,12342.17,16574.53,19363.82,1,0,5,18
2010-05-05,23625.22,14814,66,57,22.204154135338346,26248.181571428573,9922.582040499512,15177.0,25170.994357142856,8439.840075052876,14443.0,25305.0894,7398.136215417085,14856.533333333333,18945.33,29734.03,23934.46,2,0,5,18
2010-05-06,51704.13,30422,76,68,30.59415976331361,27415.33442857143,12452.669077416302,16271.714285714286,27109.786499999995,11014.019525836797,15575.714285714286,26281.82706666667,8802.627129101074,15386.7,23625.22,43534.06,24561.04,3,0,5,18
2010-05-07,31976.09,22834,63,48,27.236873935264054,27528.79442857143,12496.248716315635,16811.14285714286,27879.339357142857,10945.685067835742,16319.857142857143,26289.684066666665,8807.770991064463,15539.466666666667,51704.13,31181.87,21202.35,4,0,5,18
2010-05-09,22852.06,11825,62,52,13.513932584269664,26568.278571428575,12570.875056481966,16161.857142857143,27663.4965,11017.83043417932,16338.357142857143,25933.935733333336,8720.577946163086,15326.166666666666,31976.09,29575.671,25873.86,6,1,5,18
2010-05-10,26496.43,14734,70,65,21.350870265914587,26848.77571428571,12539.75842010502,15918.0,27003.155785714283,10770.72845743202,15874.42857142857,25997.44773333333,8717.3983977664,15400.433333333332,22852.06,24532.95,35741.2,0,0,5,19
2010-05-11,25201.04,17134,62,59,19.20810975609756,28685.757142857146,10894.38055191406,17466.285714285714,27733.970071428572,10224.69316976458,16396.214285714286,25882.593733333335,8703.9788886748,15408.4,26496.43,12342.17,14969.64,1,0,5,19
2010-05-12,29744.74,21360,64,51,27.213851784080514,30228.53,10014.23697213786,19017.571428571428,28674.699357142857,9711.995145408231,17323.35714285714,26277.39073333333,8597.413178903056,15696.566666666668,25201.04,18945.33,16574.53,2,0,5,19
2010-05-13,38966.0,26351,64,58,34.88451208594449,32420.07,10006.909270169263,20665.714285714286,29334.125785714285,10095.307091997773,17921.35714285714,26504.699066666664,8844.540966360712,15809.266666666666,29744.74,23625.22,29734.03,3,0,5,19
2010-05-14,16895.24,13848,40,36,27.78822368421053,27447.37142857143,7034.209949924287,18298.0,27431.35292857143,9716.354384867402,17284.85714285714,25738.987066666665,8639.849741782435,15409.866666666667,38966.0,51704.13,43534.06,4,0,5,19
2010-05-16,18370.09,11028,44,38,12.52221540558964,25503.657142857144,7442.246831216814,16611.428571428572,26516.225785714283,9936.776109489696,16711.285714285714,25862.3724,8501.626638182404,15488.266666666666,16895.24,31976.09,31181.87,6,1,5,19
2010-05-17,23290.76,13483,46,42,20.323525305410122,25566.328571428574,7418.0037721488015,16848.285714285714,26067.303571428572,9929.891707537618,16505.071428571428,25980.996066666667,8437.727671994715,15551.533333333333,18370.09,22852.06,29575.671,0,0,5,20
2010-05-18,26164.58,21947,60,51,22.42037703513282,25518.92142857143,7412.127043182713,17878.714285714286,26183.84857142857,9920.068256230617,16898.35714285714,25989.3997,8437.782615404472,15876.833333333334,23290.76,26496.43,24532.95,1,0,5,20
2010-05-19,16575.5,9421,58,56,15.786190476190477,24286.70142857143,8153.659088340677,16776.85714285714,26486.229285714286,9522.23722885496,17121.571428571428,25684.048366666666,8611.238089926961,15711.766666666666,26164.58,25201.04,12342.17,2,0,5,20
2010-05-20,25331.44,15470,66,57,16.23810256410256,23656.230000000003,7825.298431508298,15935.42857142857,26942.38,9283.170759592515,17476.5,25626.621366666666,8607.52911426615,15683.366666666667,16575.5,29744.74,18945.33,3,0,5,20
2010-05-21,22494.36,9052,44,39,29.28953125,21303.13857142857,3991.937349176108,13464.142857142857,26861.604285714282,9319.105094883711,17064.928571428572,25725.155366666666,8552.172115558544,15628.433333333332,25331.44,38966.0,23625.22,4,0,5,20
2010-05-23,24824.93,13755,48,41,19.57802050473186,22435.95142857143,3642.43446666473,13450.857142857143,24941.661428571428,5976.780630964668,15874.42857142857,25907.19236666667,8469.823681982938,15594.233333333334,22494.36,16895.24,51704.13,6,1,5,20
2010-05-24,33536.19,32351,67,61,28.158010075566754,24602.537142857145,5056.833407191702,16497.0,25053.097142857143,6130.589584016568,16554.214285714286,26227.25003333333,8573.488220031682,16240.566666666668,24824.93,18370.09,31976.09,0,0,5,21
2010-05-25,20415.92,14606,57,52,17.783902439024388,24191.845714285715,5292.379999117738,16657.428571428572,24879.087142857144,6231.610528019972,16752.85714285714,26089.079366666665,8634.451591712095,16241.966666666667,33536.19,23290.76,22852.06,1,0,5,21
2010-05-26,29586.64,18023,69,64,24.172091503267975,24680.711428571427,5650.8836085943685,16096.857142857143,25099.816428571427,6346.966344927298,16987.785714285714,26368.5557,8606.470040640763,16428.866666666665,20415.92,26164.58,26496.43,2,0,5,21
2010-05-27,29221.670000000002,17496,83,77,16.481483361534124,26487.307142857142,4540.085338198321,17250.428571428572,25387.00428571429,6442.147979852555,17013.64285714286,26480.14936666667,8621.52561352033,16626.533333333333,29586.64,16575.5,25201.04,3,0,5,21
2010-05-28,18569.88,12005,49,43,20.771677852348994,25521.370000000003,5454.243470784886,16755.428571428572,24588.8,6552.040313774235,16345.42857142857,25907.772033333335,8555.230788522618,16319.066666666668,29221.670000000002,25331.44,29744.74,4,0,5,21
2010-05-30,10702.97,6204,31,30,13.899961038961038,23836.885714285716,7842.750462367235,16348.57142857143,22570.01214285714,6121.433672772773,14906.357142857143,25765.5497,8775.954016776981,16198.233333333334,18569.88,22494.36,38966.0,6,1,5,21
2010-06-01,13093.79,7769,36,33,14.761882750845547,22161.00857142857,8792.329360678386,15493.42857142857,22298.48,6467.06974480951,14472.142857142857,25649.52503333333,8923.426157579484,16177.866666666667,10702.97,24824.93,16895.24,1,0,6,22
2010-06-02,13714.76,11289,42,38,20.779939393939394,19329.375714285714,7633.781101718956,12484.57142857143,21965.95642857143,6795.920032713738,14490.785714285714,25115.549366666663,9147.074211903118,15954.866666666667,13093.79,33536.19,18370.09,2,0,6,22
2010-06-03,26644.63,16947,62,52,20.354950343773876,20219.191428571427,8128.52637522,12819.0,22205.518571428573,6904.459538724945,14738.214285714286,24552.568366666666,8468.986337475433,15761.133333333333,13714.76,20415.92,23290.76,3,0,6,22
2010-06-04,11447.73,6389,34,29,23.899227557411272,17627.918571428574,7512.480991759459,11157.0,21154.315000000002,7360.579732899114,13626.92857142857,23894.763700000003,8699.57608367155,15338.833333333334,26644.63,29586.64,26164.58,4,0,6,22
2010-06-06,25457.15,14079,68,62,11.824036228518347,17090.13,6626.73248606226,10668.857142857143,21788.71857142857,7318.20718802699,13959.642857142857,23757.479666666666,8639.123185587874,15262.466666666667,11447.73,29221.670000000002,16575.5,6,1,6,22
2010-06-07,45523.11,28736,99,81,20.87258596973865,20940.59142857143,12688.208566608102,13059.0,23230.980714285713,9678.99714263069,14907.214285714286,24457.15166666667,9510.165369676113,15672.3,25457.15,18569.88,25331.44,0,0,6,23
2010-06-08,48215.48,25001,74,61,31.187244501940494,26299.52142857143,15297.208670393018,15744.285714285714,25068.203571428574,11748.341875926797,16046.42857142857,25652.92866666667,10166.956315297639,16295.8,45523.11,10702.97,22494.36,1,0,6,23
2010-06-09,36508.94,24843,63,59,31.150972696245734,29644.54285714286,14465.731143713068,18183.428571428572,25902.77571428572,12138.261494997285,16838.428571428572,26238.38233333333,10272.530231104862,16773.866666666665,48215.48,13093.79,24824.93,2,0,6,23
2010-06-10,18009.12,9677,62,56,18.24632218844985,30258.022857142856,13750.968719506887,17953.14285714286,24793.699285714287,12096.427244657149,15218.857142857143,26051.179,10372.48055267011,16602.633333333335,36508.94,13714.76,33536.19,3,0,6,23
2010-06-11,30835.29,20517,74,65,22.824048852701704,30856.68857142857,13658.347077282597,18463.14285714286,25537.94,12126.853623965146,15641.07142857143,25355.551,9229.56102604368,16272.466666666667,18009.12,26644.63,20415.92,4,0,6,23
2010-06-13,21147.77,10942,69,61,15.094768022840828,32242.40857142857,11714.78095449992,19113.571428571428,24935.163571428573,12119.857810923735,15135.285714285714,24994.607000000004,9173.283119321868,15876.066666666668,30835.29,11447.73,29586.64,6,1,6,23
2010-06-14,21317.37,15586,51,48,18.235560307955517,31651.01142857143,12208.501387103744,19328.85714285714,24370.570714285714,12088.882290014335,14998.857142857143,24943.450666666668,9189.907559520798,16001.433333333332,21147.77,25457.15,29221.670000000002,0,0,6,24
2010-06-15,26937.46,18633,46,41,24.781471941122355,28995.918571428574,10604.408347848266,17885.571428571428,24968.255,11986.446551291383,15472.285714285714,24958.15166666667,9192.829800435016,16131.4,21317.37,45523.11,18569.88,1,0,6,24
2010-06-16,29229.94,18495,77,65,18.234522769806613,26283.698571428573,6505.012447734482,16956.14285714286,26291.610000000004,11293.01879847149,16350.214285714286,25092.448333333337,9225.869897187747,16176.766666666666,26937.46,48215.48,10702.97,2,0,6,24
2010-06-17,22635.35,12892,69,61,14.500544522741832,24301.757142857143,4746.039821316645,15248.857142857143,26973.15,10708.021386601855,16716.14285714286,24855.468666666668,9193.499050642453,15894.5,29229.94,36508.94,13093.79,3,0,6,24
2010-06-18,17788.69,9315,47,44,22.097751552795028,24270.26714285714,4795.22651477731,15197.142857142857,27264.145,10370.024453076077,16575.14285714286,24149.558333333334,8880.3838517616,15326.633333333333,22635.35,18009.12,13714.76,4,0,6,24
2010-06-20,9078.58,4487,26,26,21.015231481481482,21162.165714285715,6557.831903759148,12907.142857142857,26009.427142857145,11456.529317265335,15685.142857142857,23889.003000000004,9209.155647159781,15014.6,17788.69,30835.29,26644.63,6,1,6,24
2010-06-21,18116.21,11305,43,40,12.921690442225392,20729.08571428571,6658.274133734756,12959.0,26485.74714285714,10931.114218512223,16036.285714285714,23880.54033333333,9214.517170901461,15023.833333333334,9078.58,21147.77,11447.73,0,0,6,25
2010-06-22,12414.03,6355,41,36,17.410981767180928,19457.18,7342.405949328376,11640.285714285714,25554.095714285715,11563.084246000415,15484.57142857143,23517.98266666667,9449.506556402623,14786.233333333334,18116.21,21317.37,25457.15,1,0,6,25
2010-06-23,25098.239999999998,15489,61,54,30.42210909090909,19194.434285714284,7057.493330035432,11191.142857142857,24095.176428571427,10037.667369154731,14538.357142857143,23482.438000000002,9441.209894193467,14570.966666666667,12414.03,26937.46,45523.11,2,0,6,25
2010-06-24,17217.85,9410,47,42,19.21635044642857,17478.421428571426,5498.967815825101,9893.285714285714,21881.059999999998,7372.966073521028,13424.714285714286,23503.849666666665,9425.721229534636,14570.6,25098.239999999998,29229.94,48215.48,3,0,6,25
2010-06-25,12371.59,6502,40,37,18.830426179604263,16012.169999999998,5257.826617266171,8980.42857142857,20156.963571428572,6454.147151150295,12114.642857142857,23071.854666666666,9633.760551720952,14271.666666666666,17217.85,22635.35,36508.94,4,0,6,25
2010-06-27,18706.92,10851,55,52,15.24606356968215,16143.345714285711,5320.614770233592,9199.857142857143,20206.806428571428,6438.960826568685,12198.5,22945.60666666667,9666.351032992588,14331.633333333333,12371.59,17788.69,18009.12,6,1,6,25
2010-06-28,51132.78,33808,68,64,34.5725354969574,22151.088571428572,13487.97258407827,13388.57142857143,21656.62714285714,10201.833438922342,13147.857142857143,23822.535,10950.715158154728,15000.066666666668,18706.92,9078.58,30835.29,0,0,6,26
2010-06-29,32236.920000000002,20301,68,56,25.789536000000002,24168.332857142854,13835.409014160849,14673.714285714286,22448.709285714285,10582.665126583515,13816.357142857143,23779.226000000002,10913.479838161742,14598.4,51132.78,18116.21,21147.77,1,0,6,26
2010-06-30,31491.43,20254,75,67,21.628729395604395,26893.675714285713,12987.063536574698,16659.285714285714,23175.42785714285,10845.075473534705,14149.785714285714,24148.409666666666,10982.893578050804,14786.666666666666,32236.920000000002,12414.03,21317.37,2,0,6,26
2010-07-01,28830.02,16217,81,80,17.441028433151846,27426.787142857145,12977.66864682007,16763.285714285714,23310.610714285714,10907.193431354195,13977.214285714286,24123.189000000002,10970.83694156038,14726.466666666667,31491.43,25098.239999999998,26937.46,3,0,7,26
2010-07-02,16726.13,8599,44,36,16.527796442687748,27356.54142857143,13043.302403401543,16647.428571428572,22417.481428571427,10897.136883415993,13270.357142857143,23706.671,11007.733940692713,14429.9,28830.02,17217.85,29229.94,4,0,7,26
2010-07-04,10376.29,5302,21,20,16.012793209876545,27071.49857142857,13441.092767873468,16476.0,21541.834285714285,11360.955108713826,12728.214285714286,23433.55133333333,11238.80376813566,14206.466666666667,16726.13,12371.59,22635.35,6,1,7,26
2010-07-05,30963.57,16155,81,65,18.408781212841856,28822.44857142857,12959.546756332973,17233.714285714286,22482.897142857142,11569.893073084399,13216.785714285714,24108.904666666665,11054.66200657933,14538.166666666666,10376.29,18706.92,17788.69,0,0,7,27
2010-07-06,19917.28,11148,54,47,27.856335664335663,24363.091428571428,8660.72734356534,13996.57142857143,23257.09,10949.980553304109,13692.57142857143,24336.354333333333,10889.16889265776,14650.8,30963.57,51132.78,9078.58,1,0,7,27
2010-07-07,24902.95,13410,60,56,22.742420091324203,23315.38142857143,7965.128016482034,13012.142857142857,23741.85714285714,10854.694776336968,13842.92857142857,24709.294,10702.845610381672,14721.5,19917.28,32236.920000000002,18116.21,2,0,7,27
2010-07-08,19973.45,11697,65,58,15.76436464088398,21669.955714285716,7141.759130587359,11789.714285714286,24281.815714285713,10427.466075885057,14224.5,24486.921333333335,10730.516305834059,14546.5,24902.95,31491.43,12414.03,3,0,7,27
2010-07-09,33408.64,13024,25,23,68.88379381443299,22324.044285714284,8057.74685261713,11333.57142857143,24875.415714285715,10710.224997336883,14048.42857142857,25218.951666666664,10558.010403244603,14767.666666666666,19973.45,28830.02,25098.239999999998,4,0,7,27
2010-07-11,7609.23,5711,26,24,11.760788253477589,21021.63,9685.718355363873,10921.0,24189.085714285717,11516.223091139194,13784.214285714286,24624.021,11036.152519166537,14488.733333333334,33408.64,16726.13,17217.85,6,1,7,27
2010-07-12,16101.17,8861,47,38,18.030425531914894,21839.47,8841.987591348792,11429.42857142857,24455.484285714287,11262.161790580467,13952.714285714286,23643.289666666667,10404.102738584625,13826.233333333334,7609.23,10376.29,12371.59,0,0,7,28
2010-07-13,17419.12,8822,49,38,22.10548223350254,19904.54857142857,7949.500132740856,10381.857142857143,24363.49857142857,11317.847438636183,13807.785714285714,22616.744333333332,9363.26120366915,13286.933333333332,16101.17,30963.57,18706.92,1,0,7,28
2010-07-14,19418.63,12055,52,47,20.039865841073272,19833.312857142857,7951.600962935478,10511.42857142857,22098.202142857142,8326.200835692078,12254.0,22047.067333333332,9001.815964291432,12860.666666666666,17419.12,19917.28,51132.78,2,0,7,28
2010-07-15,55836.91,27673,78,64,38.695017325017325,24252.45,15880.932603260411,12549.0,23783.915714285715,12079.725701438561,12780.57142857143,23307.99366666667,10871.821249613211,13460.533333333333,19418.63,24902.95,32236.920000000002,3,0,7,28
2010-07-16,21137.76,14039,62,56,22.728774193548386,24418.780000000002,15834.676689729607,12883.57142857143,23044.367857142857,11886.955935697017,12336.642857142857,22984.74266666667,10784.109332926386,13244.6,55836.91,19973.45,31491.43,4,0,7,28
2010-07-18,14581.99,9382,39,37,17.21604486422668,21729.25857142857,15651.049439206317,12363.285714285714,22026.65142857143,11963.19352943972,11848.42857142857,22765.883333333335,10888.792419978838,13192.6,21137.76,33408.64,28830.02,6,1,7,28
2010-07-19,28611.56,18120,56,54,24.023140218303947,24729.591428571428,14460.918462134892,14136.0,22875.610714285714,11979.820339647098,12528.5,23009.022999999997,10936.66476375088,13277.066666666668,14581.99,7609.23,16726.13,0,0,7,29
2010-07-20,23124.39,11707,54,48,24.214020942408375,25732.90857142857,13998.74681810413,14542.57142857143,23786.18928571429,11428.473099240704,12986.0,22881.920666666665,10911.563765854553,13046.2,28611.56,16101.17,10376.29,1,0,7,29
2010-07-21,19142.73,12555,46,42,20.98983552631579,25979.13857142857,13842.42538699344,15075.857142857143,22941.84357142857,11293.2791809585,12728.857142857143,22545.68033333333,10864.521445902048,12848.2,23124.39,17419.12,30963.57,2,0,7,29
2010-07-22,21620.39,13161,61,57,19.065599647266314,26293.675714285717,13692.71293219115,15233.857142857143,23063.494285714285,11267.3356374274,12872.642857142857,22511.84833333333,10865.812797296088,12857.166666666666,19142.73,19418.63,19917.28,3,0,7,29
2010-07-23,23886.329999999998,12828,38,37,28.20109799291617,21729.307142857142,4322.436095477851,13113.142857142857,22990.87857142857,11257.840753018345,12831.07142857143,22715.103,10831.391711857608,12974.266666666666,21620.39,55836.91,24902.95,4,0,7,29
2010-07-25,17230.6,11531,54,51,13.997238017871648,21171.141428571427,4651.313756701463,12754.857142857143,22794.960714285717,11337.97322888711,12819.214285714286,22986.837,10576.75098193175,13209.066666666668,23886.329999999998,21137.76,19973.45,6,1,7,29
2010-07-26,20232.85,14216,52,47,18.85633737185461,21978.407142857144,3712.816691357541,13445.42857142857,21853.83285714286,10928.64760628225,12904.357142857143,23057.391666666666,10550.166327947598,13306.1,17230.6,14581.99,33408.64,0,0,7,30
2010-07-27,28265.86,14179,64,56,28.609170040485832,21929.02142857143,3610.778324795588,12882.42857142857,23329.306428571428,10229.619401947535,13509.214285714286,23585.786,10394.536453714389,13566.9,20232.85,28611.56,7609.23,1,0,7,30
2010-07-28,23252.72,13351,63,60,17.96964451313756,21947.354285714282,3618.1772550960777,13117.285714285714,23840.131428571425,10017.266589918123,13829.92857142857,23524.268666666663,10390.73715305019,13495.633333333333,28265.86,23124.39,16101.17,2,0,7,30
2010-07-29,32801.91,12799,65,60,24.0307032967033,23898.66571428571,5193.736423606292,13152.142857142857,24938.902142857143,10102.075633547303,14114.0,24043.737333333334,10453.94401793061,13608.6,23252.72,19142.73,17419.12,3,0,7,30
2010-07-30,14363.69,8090,44,39,24.807754749568222,22861.994285714285,6325.237759870741,12427.714285714286,24577.835,10400.486867187245,13830.785714285714,24110.140666666666,10383.334510738645,13661.533333333333,32801.91,21620.39,19418.63,4,0,7,30
2010-08-01,30637.95,9702,32,27,35.54286542923434,23826.51142857143,6987.559978231342,11981.142857142857,22777.909285714286,5687.03396974401,12547.142857142857,24507.841666666667,10397.725132256206,13623.233333333334,14363.69,23886.329999999998,55836.91,6,1,8,30
2010-08-02,26124.16,11762,57,49,24.903870352716872,25097.02,6369.586117768262,12014.142857142857,23134.080714285716,5732.377079773679,12384.5,23674.220999999998,9112.600959332258,12888.366666666667,30637.95,17230.6,21137.76,0,0,8,31
2010-08-03,22362.79,15479,50,47,21.37934034416826,25401.297142857144,6145.425612007951,12194.57142857143,23689.852142857144,5191.073686556956,12820.0,23345.083333333332,8969.864259287526,12727.633333333333,26124.16,20232.85,14581.99,1,0,8,31
2010-08-04,17555.5,10923,49,47,17.626004016064257,23871.24571428572,6627.731468888483,11729.42857142857,22900.13357142857,5225.603316829099,12305.92857142857,22880.552333333333,8893.969517818277,12416.6,22362.79,28265.86,28611.56,2,0,8,31
2010-08-05,23145.06,16453,51,48,19.498786857624264,23855.865714285716,6629.530681777406,12172.57142857143,22901.609999999997,5225.674471116308,12644.92857142857,22691.053666666667,8823.117414089555,12424.466666666667,17555.5,23252.72,23124.39,3,0,8,31
2010-08-06,14728.15,9731,34,31,30.493064182194615,21273.9,6059.726609817694,11734.285714285714,22586.282857142858,5590.403800152565,12443.214285714286,22624.45433333333,8877.07058410627,12462.2,23145.06,32801.91,19142.73,4,0,8,31
2010-08-08,13950.71,8116,43,41,16.0722465437788,21214.902857142857,6139.699563854065,11738.0,22038.448571428573,6049.300317639853,12082.857142857143,22743.60166666667,8729.773688881258,12556.0,14728.15,14363.69,21620.39,6,1,8,31
2010-08-09,31336.59,100084,49,41,36.56544924154026,21314.70857142857,6321.398438419061,24649.714285714286,22570.609999999997,6532.748706300949,18315.428571428572,22756.035666666667,8742.142170363408,15353.633333333333,13950.71,30637.95,23886.329999999998,0,0,8,32
2010-08-10,28209.74,18426,39,33,30.965686059275523,21612.648571428574,6627.590398672831,25601.714285714286,23354.834285714285,6501.316113552228,18807.928571428572,23032.451,8780.30444096306,15596.233333333334,31336.59,26124.16,17230.6,1,0,8,32
2010-08-11,18629.86,7532,39,35,26.614085714285714,21079.37285714286,6706.879074780097,24466.428571428572,23240.335,6574.2358469006,18330.5,22823.347999999998,8808.872790368388,15400.3,28209.74,22362.79,20232.85,2,0,8,32
2010-08-12,26031.28,17702,71,56,17.732479564032698,22290.198571428573,6729.714872710456,25434.85714285714,23080.722142857143,6469.123739186802,18582.14285714286,23025.27566666667,8810.723522873821,15600.466666666667,18629.86,17555.5,28265.86,3,0,8,32
2010-08-13,15150.14,12562,40,34,19.299541401273885,21148.067142857144,7220.950682427934,24879.0,22501.96642857143,6806.215715597025,18525.785714285714,22416.659,8698.647735534121,15585.066666666668,26031.28,23145.06,23252.72,4,0,8,32
2010-08-15,20484.46,16575,56,52,21.42725941422594,21970.397142857142,6675.130766071665,25856.714285714286,21622.14857142857,6135.419382094616,18795.5,22845.833333333332,8248.877502558527,15947.2,15150.14,14728.15,32801.91,6,1,8,32
2010-08-16,14270.74,10076,34,32,19.442425068119892,22016.115714285716,6611.844566114758,26136.714285714286,21615.509285714284,6143.922531523395,18937.35714285714,22784.819,8307.050352569182,15987.7,20484.46,13950.71,14363.69,0,0,8,33
2010-08-17,28802.52,18060,44,40,36.831867007672635,21654.105714285713,6063.07973085966,14419.0,21484.407142857144,5953.210192260746,19534.35714285714,23164.265666666666,8313.487354117218,16295.633333333333,14270.74,31336.59,30637.95,1,0,8,33
2010-08-18,35122.520000000004,22420,55,47,25.78745961820852,22641.645714285718,7661.166258681591,14989.57142857143,22127.147142857142,6902.7110645828225,20295.64285714286,23687.728666666666,8560.24843018317,16641.133333333335,28802.52,28209.74,26124.16,2,0,8,33
2010-08-19,30663.35,22152,67,55,23.77003875968992,24360.71571428571,7955.372545590056,17078.14285714286,22720.044285714284,7271.156472870366,20772.285714285714,22848.609999999997,6211.845111218215,16457.1,35122.520000000004,18629.86,22362.79,3,0,8,33
2010-08-20,23250.77,18521,56,49,22.975069169960474,23963.5,7927.425456655695,17195.14285714286,23126.84928571429,7117.684377557774,21315.0,22919.043666666665,6203.751559056271,16606.5,30663.35,26031.28,17555.5,4,0,8,33
2010-08-22,22677.010000000002,13884,60,51,16.847704309063893,25038.76714285714,6987.4982678106335,17384.0,23093.417142857146,7118.691417773584,21131.5,23188.877666666664,6001.371319199901,16756.566666666666,23250.77,15150.14,23145.06,6,1,8,33
2010-08-23,20655.35,12896,44,37,20.614121756487023,25063.18,6969.209097159648,16858.428571428572,23516.78857142857,6749.598548800275,21357.571428571428,22923.670666666665,5928.83226794279,16582.433333333334,22677.010000000002,20484.46,14728.15,0,0,8,34
2010-08-24,26577.16,18872,60,53,25.604200385356453,26821.239999999998,5092.465057664398,18115.0,24418.677857142855,6193.7338153729825,22125.85714285714,23038.763,5966.258050076086,16821.266666666666,20655.35,14270.74,13950.71,1,0,8,34
2010-08-25,30466.76,17238,69,62,21.470584918957012,27058.988571428574,5237.172855824074,17997.571428571428,24356.547142857144,6122.958984996124,16208.285714285714,23416.230666666666,6068.608968591453,16977.366666666665,26577.16,28802.52,31336.59,2,0,8,34
2010-08-26,31964.34,16961,70,64,24.270569476082006,26607.820000000003,4512.666231656496,17217.714285714286,24624.73285714286,6381.479418510086,16103.642857142857,23761.029,6254.077242090164,17104.033333333333,30466.76,35122.520000000004,28209.74,3,0,8,34
2010-08-27,12166.64,6611,31,29,19.099905808477235,23965.432857142856,6650.937610998159,14997.57142857143,24163.074285714283,7047.55500727374,16037.857142857143,23370.37266666667,6602.3161222626495,16896.8,31964.34,30663.35,18629.86,4,0,8,34
2010-08-29,14449.3,8766,39,36,18.03907615480649,22708.079999999998,7576.16123922263,13604.0,23335.79,7478.019270751996,15399.57142857143,23277.662666666667,6710.15093610237,16804.633333333335,12166.64,23250.77,26031.28,6,1,8,34
2010-08-31,22811.75,11038,54,48,20.349464763603926,22727.328571428574,7576.240308883226,13197.42857142857,23883.047857142858,7103.882548983783,15290.714285714286,23363.626,6686.275550993329,16698.7,14449.3,22677.010000000002,15150.14,1,0,8,35
2010-09-01,20351.36,11835,37,35,31.601490683229816,22683.90142857143,7590.953314554568,13045.857142857143,23873.540714285715,7108.868073933535,14952.142857142857,23099.809333333335,6642.174583741616,16620.566666666666,22811.75,20655.35,20484.46,2,0,9,35
2010-09-02,33430.57,21102,87,77,26.323283464566927,23662.96,8557.248064444126,13364.42857142857,25242.1,6960.712456650461,15739.714285714286,23439.071,6904.981442088655,16878.933333333334,20351.36,26577.16,14270.74,3,0,9,35
2010-09-03,34739.159999999996,30598,54,49,45.47010471204188,24273.302857142855,9247.899309174123,15273.0,25666.145714285718,7363.474744523906,16635.285714285714,23503.646,7003.911350837505,17472.233333333334,33430.57,30466.76,28802.52,4,0,9,35
2010-09-05,12286.710000000001,7222,35,35,15.416198243412799,21462.212857142855,9507.47615361317,13881.714285714286,24035.016428571427,7631.957159104672,15549.714285714286,23434.413333333334,7106.88232432786,17443.3,34739.159999999996,31964.34,35122.520000000004,6,1,9,35
2010-09-06,23717.79,14951,49,41,22.083603351955308,23112.377142857145,8582.649893682204,15073.142857142857,23538.905000000002,7389.8478489507515,15035.357142857143,23203.74133333333,6976.113406285049,17618.266666666666,12286.710000000001,12166.64,30663.35,0,0,9,36
2010-09-07,24397.45,14936,49,45,29.93552147239264,24533.541428571425,7685.872606729854,15954.57142857143,23620.81071428571,7392.762698397823,14779.285714285714,23146.184333333335,6958.287790799122,17724.066666666666,23717.79,14449.3,23250.77,1,0,9,36
2010-09-08,16175.22,9924,48,45,16.9551572327044,23585.46571428571,8317.05942446976,15795.42857142857,23156.397142857142,7656.142661411377,14496.42857142857,22939.931999999997,7073.066292860748,17538.9,24397.45,22811.75,22677.010000000002,2,0,9,36
2010-09-09,23526.38,12862,63,59,16.225089655172415,24039.04,8196.999539900728,15942.142857142857,23361.470714285715,7622.37417083362,14494.0,23138.961333333333,6999.958546037722,17603.533333333333,16175.22,20351.36,20655.35,3,0,9,36
2010-09-10,15988.35,9905,43,38,20.010450563204007,21547.294285714284,7486.610331622796,14342.57142857143,22605.12714285714,7801.9776443347155,13853.5,22900.404333333332,7120.652555625978,17385.266666666666,23526.38,33430.57,26577.16,4,0,9,36
2010-09-12,15528.75,9278,48,46,12.21774193548387,18802.95,4929.056382496811,11296.857142857143,21538.126428571424,7664.363549584125,13284.92857142857,22927.091000000004,7090.4045726126715,17370.166666666668,15988.35,34739.159999999996,30466.76,6,1,9,36
2010-09-13,32892.16,27446,66,52,24.310539541759056,21746.585714285717,6339.861947610629,14186.0,21604.399285714288,7764.805964608669,14033.857142857143,23558.472666666665,7106.842679209533,18014.5,15528.75,12286.710000000001,31964.34,0,0,9,37
2010-09-14,19705.02,11071,62,56,17.5624064171123,21173.332857142854,6313.281099538479,13631.714285714286,22142.855,7307.930409086932,14352.42857142857,23170.753666666667,6984.093702856958,15047.4,32892.16,23717.79,12166.64,1,0,9,37
2010-09-15,33812.4,21295,65,61,26.582075471698115,22518.325714285715,7914.471511532609,14540.142857142857,23525.933571428573,7567.556319910972,15247.357142857143,23357.509000000002,7195.200285819547,15143.033333333333,19705.02,24397.45,14449.3,2,0,9,37
2010-09-16,27099.271,14409,65,51,17.282698341836735,24078.90442857143,7522.581383019397,15180.857142857143,23832.185071428572,7622.98364251425,15488.142857142857,23639.8227,7169.41635310253,15372.266666666666,33812.4,16175.22,22811.75,3,0,9,37
2010-09-17,19486.54,11401,45,41,21.158023887079263,23501.784428571427,7724.295429840619,14972.142857142857,23770.412214285716,7656.7893476672025,15457.142857142857,23421.6647,7193.671299660848,15162.233333333334,27099.271,23526.38,20351.36,4,0,9,37
2010-09-19,22783.53,13649,57,54,11.934798323729702,24472.524428571425,7017.315236889155,15507.0,23009.90935714286,7134.432672226953,14924.785714285714,23676.111033333334,7024.01079842562,15198.466666666667,19486.54,15988.35,33430.57,6,1,9,37
2010-09-20,38563.96,24263,72,59,28.335018368846434,27763.268714285714,7508.115038189086,17647.714285714286,23283.109357142854,7671.1744141830295,14472.285714285714,24278.761033333332,7500.185981731504,15454.733333333334,22783.53,15528.75,34739.159999999996,0,0,9,38
2010-09-21,54698.89,35197,100,76,27.964667689161555,30878.51585714286,12711.671562382337,18755.0,26312.550785714287,10750.868226180006,16470.5,25626.366033333336,9101.105441232514,16292.1,38563.96,32892.16,12286.710000000001,1,0,9,38
2010-09-22,27208.8,14065,70,39,24.271900089206067,31950.484428571428,11903.049692795412,19182.714285714286,26561.90864285714,10726.513331866014,16407.214285714286,25573.242033333336,9086.566374330196,16158.933333333332,54698.89,19705.02,23717.79,2,0,9,38
2010-09-23,34305.1,20697,81,72,19.59171901770417,32020.870142857144,11917.342809169604,19097.285714285714,27269.59792857143,10898.18524338298,16818.714285714286,25545.9947,9058.125190675019,16101.5,27208.8,33812.4,24397.45,3,0,9,38
2010-09-24,47106.39,27622,55,45,36.180023041474655,34879.03,12899.002446197139,20984.85714285714,29478.967214285713,11589.419783319903,18082.85714285714,26094.096033333335,9842.010929938904,16283.833333333334,34305.1,27099.271,16175.22,4,0,9,38
2010-09-26,21703.9,13359,63,51,15.44761565836299,35195.79571428571,12478.371308885964,21264.571428571428,29348.79007142857,11671.370601359935,18118.35714285714,26042.533700000004,9861.45361261466,16111.766666666666,47106.39,19486.54,23526.38,6,1,9,38
2010-09-27,115172.24,124721,90,69,63.525780474351905,48394.18285714286,31509.37384691881,37132.0,36433.353642857146,25199.75612986234,26319.5,29125.708033333336,18998.909795869506,19806.333333333332,21703.9,22783.53,15988.35,0,0,9,39
2010-09-28,40015.41,22204,109,91,19.377922518159806,48601.53285714286,31438.600044007333,36837.857142857145,38182.400785714286,24476.614535619075,27242.785714285714,29771.043366666665,19030.05204339244,20116.6,115172.24,38563.96,15528.75,1,0,9,39
2010-09-29,36740.03,20250,95,83,22.526076026977314,46035.98142857143,31590.495784165556,34702.57142857143,38457.24864285714,24434.208012722986,26728.785714285714,30109.8057,19061.66637850161,20162.533333333333,40015.41,54698.89,32892.16,2,0,9,39
2010-09-30,37578.57,22891,81,74,21.59687931034483,47517.37714285714,30793.55954856997,35963.42857142857,39733.93078571429,23838.727267727398,27573.071428571428,30346.866033333336,19110.41936815975,20350.966666666667,36740.03,27208.8,19705.02,3,0,9,39
2010-10-01,34550.89,21567,64,55,25.018747284576392,47552.49,30776.118309399702,36087.71428571428,39786.68007142858,23825.42978998309,27592.5,30433.08436666667,19123.79841781412,20504.5,37578.57,34305.1,33812.4,4,0,10,39
2010-10-03,38335.52,20272,75,64,17.847076350093108,46299.50857142858,30975.206597948334,35037.71428571428,40589.26928571429,23552.8567353665,28011.285714285714,31305.380366666664,18856.837049307982,20959.866666666665,34550.89,47106.39,27099.271,6,1,10,39
2010-10-04,34956.56,22556,76,72,22.293724489795917,48192.74571428572,29595.632098489856,36351.57142857143,41694.27071428572,22838.71480546252,28808.071428571428,31988.9557,18594.598967328602,21419.533333333333,38335.52,21703.9,19486.54,0,0,10,40
2010-10-05,55108.91,34051,116,101,23.223308048883272,39612.270000000004,7090.103021440092,23398.714285714286,44003.226428571434,22409.79899591268,30265.35714285714,33065.5277,18975.98770874974,22186.633333333335,34956.56,115172.24,22783.53,1,0,10,40
2010-10-06,30355.010000000002,21523,59,58,24.539215844785772,38232.212857142855,7893.2439671842785,23301.428571428572,43416.872857142866,22668.96052846386,30069.64285714286,33398.9827,18832.214013578596,22509.566666666666,55108.91,40015.41,38563.96,2,0,10,40
2010-10-07,47610.92,28267,112,92,16.98570103460578,39785.19714285714,8589.441373022522,24446.714285714286,42910.58928571428,22475.936921675366,29574.64285714286,33871.66103333333,19010.15307199621,22748.4,30355.010000000002,36740.03,54698.89,3,0,10,40
2010-10-08,51836.73,39626,65,58,34.813116185359306,41822.07714285714,9609.015718948072,26837.428571428572,44669.72714285714,22113.320913778647,31400.428571428572,34441.58003333333,19291.268878490417,23049.333333333332,47610.92,37578.57,27208.8,4,0,10,40
2010-10-10,23139.31,12412,67,59,13.5953642773208,40191.851428571434,11772.646778394748,25529.571428571428,43872.17071428571,22709.223004025494,30808.64285714286,34803.333366666666,18960.408542458743,23222.333333333332,51836.73,34550.89,34305.1,6,1,10,40
2010-10-11,39962.9,23986,85,78,20.22413967611336,40424.33428571428,11745.916932030574,26060.14285714286,43361.92142857143,22711.216790328293,30548.928571428572,35344.83703333334,18864.627307696614,23523.5,23139.31,38335.52,47106.39,0,0,10,41
2010-10-12,46566.35,28703,104,94,23.746226415094338,42082.875714285714,11664.560794331801,26938.285714285714,45137.81071428571,21842.860648385227,31644.928571428572,36083.80036666666,18855.206732152106,23982.4,39962.9,34956.56,21703.9,1,0,10,41
2010-10-13,51564.7,39725,81,74,26.8286680541103,41576.560000000005,11066.502040714307,27748.85714285714,40594.41499999999,8986.856611591367,25573.785714285714,37263.449700000005,18672.869228214437,24975.766666666666,46566.35,55108.91,115172.24,2,0,10,41
2010-10-14,86945.13,37066,96,81,44.77092173017508,49660.86285714286,19190.696943845593,29969.285714285714,43946.53785714285,15293.704184741233,26635.35714285714,39377.40803333333,20558.665418279932,25782.566666666666,51564.7,30355.010000000002,40015.41,3,0,10,41
2010-10-15,42398.82,20610,95,80,24.451453287197232,48916.27714285714,19383.632445455743,28875.428571428572,44350.73714285715,15162.80985774856,26661.071428571428,40257.757033333335,20082.530968888193,26139.4,86945.13,47610.92,36740.03,4,0,10,41
2010-10-17,31176.14,18342,70,62,12.088460643660333,45964.764285714286,20410.596368139173,25834.85714285714,43893.42071428571,15476.086420949548,26336.14285714286,40779.3367,19615.9014243453,26441.533333333333,42398.82,51836.73,37578.57,6,1,10,41
2010-10-18,36591.44,18509,97,90,17.73700436257877,47886.49714285714,18441.624608544967,26705.85714285714,44039.17428571428,15390.703704027954,26117.714285714286,40902.64603333334,19576.198460447125,26143.633333333335,31176.14,23139.31,34550.89,0,0,10,42
2010-10-19,46577.64,26330,73,65,26.38959773371105,48831.46,18134.865779042888,27040.714285714286,44627.897142857146,15313.188629673945,26550.428571428572,41798.40003333333,19183.680015287,26652.266666666666,36591.44,39962.9,38335.52,1,0,10,42
2010-10-20,43387.26,23589,103,89,20.00334716459198,48377.30428571429,18240.545173603303,26310.14285714286,45230.090000000004,15067.40294393163,26624.214285714286,42117.562033333335,19125.796027547036,26728.733333333334,46577.64,46566.35,34956.56,2,0,10,42
2010-10-21,32847.8,15231,89,76,18.422770611329224,45703.46142857143,19049.343347953363,22811.0,43640.01071428571,15119.216759160121,25279.928571428572,42309.17966666667,18998.515404797297,26756.133333333335,43387.26,51564.7,55108.91,3,0,10,42
2010-10-22,32843.94,21524,77,68,21.52289646133683,37974.72000000001,6104.954931004858,20590.714285714286,43817.79142857143,14964.832404089071,25280.0,42754.42633333334,18597.492028516106,27093.566666666666,32847.8,86945.13,30355.010000000002,4,0,10,42
2010-10-24,28634.59,15444,82,74,12.395926406926407,36008.40142857143,6636.054987642491,19852.714285714286,42462.33928571428,15446.485758084731,24364.071428571428,42949.46166666667,18410.572765497625,27153.4,32843.94,42398.82,47610.92,6,1,10,42
2010-10-25,27945.06,14106,69,63,16.91589588377724,35546.81857142857,7122.7179753201035,19247.571428571428,40755.791428571436,15649.578288554041,22541.214285714286,42595.49833333333,18598.91287175493,26814.833333333332,28634.59,31176.14,51836.73,0,0,10,43
2010-10-26,42545.95,25020,98,85,21.294269269269268,36397.46285714286,7607.3440947475865,20177.714285714286,42141.979999999996,14805.882134461588,23441.785714285714,42190.40033333333,18458.01804453152,26475.6,27945.06,36591.44,23139.31,1,0,10,43
2010-10-27,30480.55,15563,70,66,19.690277777777776,34097.87857142857,6345.435904972545,18639.571428571428,41464.669285714284,15126.649834700265,22840.14285714286,42299.458666666666,18375.930573212765,26525.533333333333,42545.95,46577.64,39962.9,2,0,10,43
2010-10-28,30701.3,13564,57,52,26.4210843373494,32285.59857142857,4896.273549382364,17207.428571428572,40331.451428571425,15308.23401407774,21758.785714285714,42179.332,18441.654976596594,26287.766666666666,30480.55,43387.26,46566.35,3,0,10,43
2010-10-29,36100.95,22499,71,62,27.22545248868778,32750.334285714285,5108.325705985181,18245.714285714286,39226.89785714285,14989.937909160757,20528.35714285714,41812.484000000004,18449.724802684083,26117.0,30701.3,32847.8,51564.7,4,0,10,43
2010-10-31,29947.64,16347,82,79,11.491803530314659,32336.57714285714,5215.648210388065,17506.14285714286,35155.648571428566,6189.948787262785,19048.428571428572,42087.27533333333,18199.594612671186,26216.6,36100.95,32843.94,86945.13,6,1,10,43
2010-11-01,20730.24,12325,52,47,15.470328358208956,31207.384285714284,6773.658969795839,17060.571428571428,33607.892857142855,6907.032477842827,18456.64285714286,38939.208666666666,12349.693928455708,22470.066666666666,29947.64,28634.59,42398.82,0,0,11,44
2010-11-02,42866.91,23626,86,79,22.349796663190826,33339.077142857146,7839.93743715626,18420.571428571428,34442.947857142855,7286.688653876025,18834.071428571428,39034.25866666667,12369.220499299638,22517.466666666667,20730.24,27945.06,31176.14,1,0,11,44
2010-11-03,42870.87,23025,86,75,25.277635613207547,33385.49428571428,7904.230929455589,18135.571428571428,34891.478571428575,7614.9809128290935,19156.64285714286,39238.62,12380.649601028254,22609.966666666667,42866.91,42545.95,36591.44,2,0,11,44
2010-11-04,83876.12,58902,126,104,28.568160762942778,41013.43285714286,20446.791334614285,24326.85714285714,37555.65571428571,14980.50557585665,21483.214285714286,40781.871666666666,14813.130150492192,23810.333333333332,42870.87,30480.55,46577.64,3,0,11,44
2010-11-05,40907.93,19838,65,57,28.788128078817735,42471.52285714286,19946.664370015802,25223.14285714286,37378.56071428571,14920.799041303924,21215.285714285714,40993.77300000001,14766.317232516638,23752.7,83876.12,30701.3,43387.26,4,0,11,44
2010-11-07,31345.79,18341,81,75,11.674409683426443,41792.21428571428,20278.001335906585,24629.14285714286,37271.27428571428,14961.228242861971,21437.428571428572,40760.782,14864.524229488034,23688.333333333332,40907.93,36100.95,32847.8,6,1,11,44
2010-11-08,32303.991,18193,76,67,18.90227677004096,42128.835857142854,20067.06784596546,24892.85714285714,37232.7065,14974.209486469847,21199.5,40672.363033333335,14908.06553292369,23542.9,31345.79,29947.64,32843.94,0,0,11,45
2010-11-09,53013.21,32781,113,99,21.28189883580891,46740.688714285716,17924.883356200186,27815.14285714286,38974.036499999995,15311.12166840779,22437.85714285714,40602.50636666667,14842.85307758685,23500.566666666666,32303.991,20730.24,28634.59,1,0,11,45
2010-11-10,73575.93000000001,33426,127,100,27.587525309336336,51127.691571428564,20405.11420720914,29215.14285714286,42233.38435714285,17485.206143559342,23817.85714285714,42043.2037,15875.556527993785,23897.333333333332,53013.21,42866.91,27945.06,2,0,11,45
2010-11-11,59712.61,33217,119,99,22.239333333333335,53533.654428571426,20261.693068154702,30671.14285714286,43459.574357142854,18099.931333153578,24403.35714285714,42446.59336666667,16172.872470680806,24062.333333333332,73575.93000000001,42870.87,42545.95,3,0,11,45
2010-11-12,36167.25,20025,99,81,20.966521739130435,46718.101571428575,15911.116116898009,25117.285714285714,43865.76721428571,17848.315390856118,24722.071428571428,41924.27736666667,16112.068063970364,23408.966666666667,59712.61,83876.12,30480.55,4,0,11,45
2010-11-14,27934.71,16462,86,76,10.690665901262916,44864.78442857142,17387.715542515398,24635.0,43668.15364285715,18019.774140536643,24929.071428571428,42084.12403333334,15942.169031108744,23543.966666666667,36167.25,40907.93,30701.3,6,1,11,45
2010-11-15,42964.04,21740,98,83,17.991641541038526,46524.53442857143,16409.15465682744,25120.571428571428,44158.37435714285,17890.969267192126,24874.85714285714,42184.162033333334,15937.814804725747,23469.1,27934.71,31345.79,36100.95,0,0,11,46
2010-11-16,63788.840000000004,37378,106,95,24.524736639753943,51022.37,16174.985095184304,27861.285714285714,46575.602928571425,18108.086701823104,26377.071428571428,42758.24503333333,16404.45238309092,23758.266666666666,42964.04,32303.991,29947.64,1,0,11,46
2010-11-17,45726.741,27327,113,97,20.946743472285846,49981.44585714286,16259.74804067992,27082.14285714286,48361.067285714285,16527.003246633565,27448.64285714286,42563.6464,16330.84445951487,23345.0,63788.840000000004,53013.21,20730.24,2,0,11,46
2010-11-18,37074.97,19353,96,91,18.436086524117353,44767.023,12947.473595456006,25071.714285714286,47947.35728571429,16746.15436049105,27143.428571428572,40901.307733333335,14034.079615376619,22754.566666666666,45726.741,73575.93000000001,42866.91,3,0,11,46
2010-11-19,39999.42,23892,100,90,19.156810344827587,41950.853,11177.851674471578,23739.571428571428,47742.25371428571,16830.485059821942,27205.35714285714,40821.32773333333,14032.087960437108,22863.966666666667,37074.97,59712.61,42870.87,4,0,11,46
2010-11-21,32056.05,17985,96,89,10.173294192319899,41363.538714285714,11631.198738699104,23448.14285714286,44040.82014285715,13674.90712379086,24282.714285714286,40850.65806666667,14012.137500471534,22852.066666666666,39999.42,36167.25,83876.12,6,1,11,46
2010-11-22,31724.88,16898,89,80,16.429249093733816,41904.99157142857,10971.377970215563,23510.428571428572,43384.888,14051.783424360554,24072.714285714286,40688.439399999996,14091.094476152342,22798.366666666665,32056.05,27934.71,40907.93,0,0,11,47
2010-11-23,49805.35,24919,128,112,18.815772572723837,42882.32157142857,11378.595912322458,23964.571428571428,44703.428,13696.790218217559,24542.571428571428,40796.02973333334,14149.811095761383,22751.333333333332,31724.88,42964.04,31345.79,1,0,11,47
2010-11-24,41138.6,24336,117,104,18.79333028780265,39646.573,6702.017606754475,22101.428571428572,45334.4715,13278.709818677373,24981.35714285714,40721.074400000005,14141.56480435707,22776.233333333334,49805.35,63788.840000000004,32303.991,2,0,11,47
2010-11-25,67870.96,36908,146,133,23.10107556160654,42810.032857142854,12643.163309016376,23470.14285714286,46395.73935714286,14479.098952753324,25276.14285714286,41888.51306666667,14894.771410154159,23498.8,41138.6,45726.741,53013.21,3,0,11,47
2010-11-26,28828.04,14797,78,72,15.692999455634187,41631.90000000001,13613.636973203282,22819.285714285714,43199.4615,12866.804610933234,23945.5,41754.64973333334,14996.558591968687,23274.566666666666,67870.96,37074.97,73575.93000000001,4,0,11,47
2010-11-28,27125.16,16290,90,83,10.977401861594496,39792.719999999994,14697.443671147967,21733.285714285714,40871.7865,12594.433124013487,22736.428571428572,41704.335399999996,15044.550365102941,23302.766666666666,28828.04,39999.42,59712.61,6,1,11,47
2010-11-29,63245.18,36434,98,89,25.50208870967742,44248.310000000005,16569.47466691589,24368.85714285714,42805.92435714286,13834.517360623673,23908.5,42881.00606666667,15309.417977821793,24047.033333333333,27125.16,32056.05,36167.25,0,0,11,48
2010-11-30,49806.23,24650,116,101,23.67216254752852,46831.36,15677.12818657276,25476.285714285714,44368.17578571429,13248.520286288194,24493.35714285714,43123.0154,15361.235912703623,24034.7,63245.18,31724.88,27934.71,1,0,11,48
2010-12-01,46192.49,24114,121,95,24.33745521601686,46315.23714285715,15622.275484067335,25361.285714285714,44598.77935714286,13250.296948887339,24662.928571428572,43646.74673333334,15182.13605643922,24319.733333333334,49806.23,49805.35,42964.04,2,0,12,48
2010-12-02,47197.57,31077,137,99,24.092685043389483,47180.80428571429,15454.607951519272,26324.285714285714,43413.68864285714,12093.380024280515,24212.85714285714,44196.6224,14994.680963977364,24903.5,46192.49,41138.6,63788.840000000004,3,0,12,48
2010-12-03,23876.63,11798,57,50,21.98584714548803,40895.90000000001,14557.76587772774,22737.14285714286,41852.966428571424,13136.83143197288,23103.64285714286,43789.14506666667,15383.325394215346,24546.8,47197.57,67870.96,45726.741,4,0,12,48
2010-12-05,31361.28,16241,87,75,12.052759415833973,41257.79142857143,14235.69609483317,22943.428571428572,41444.845714285715,13383.131690351964,22881.35714285714,43836.2664,15341.57329110953,24543.266666666666,23876.63,28828.04,37074.97,6,1,12,48
2010-12-06,31009.33,16115,94,82,16.34651027938851,41812.67285714286,13656.956082190909,22918.428571428572,40802.696428571435,13670.418745464513,22325.85714285714,44178.90273333333,14916.63282709493,24669.6,31361.28,27125.16,39999.42,0,0,12,49
2010-12-07,53730.96,19404,71,65,49.11422303473492,40453.49857142857,11466.156137402008,20485.571428571428,42350.904285714285,13830.077151054451,22427.214285714286,44541.03773333333,15015.231729008892,24528.866666666665,31009.33,63245.18,32056.05,1,0,12,49
2010-12-08,39094.2,21497,111,99,20.478889470927186,38923.208571428564,10699.049914566327,20035.14285714286,42877.28428571428,13531.553182997988,22755.714285714286,44415.148733333335,15045.518833635795,24477.933333333334,53730.96,49806.23,31724.88,2,0,12,49
2010-12-09,38193.91,17383,98,90,21.963145485911447,37780.55428571429,10209.210111856322,19073.571428571428,42047.89571428572,13429.713367124921,22217.428571428572,42892.4084,13099.9274630935,23093.966666666667,39094.2,46192.49,49805.35,3,0,12,49
