Date,total_revenue,total_quantity,transaction_count,unique_customers,day_of_week,is_weekend,month
2009-12-01,43894.87,24335.0,98.0,91.0,1,0,12
2009-12-02,52762.06,29679.0,110.0,94.0,2,0,12
2009-12-03,67413.62,48009.0,122.0,106.0,3,0,12
2009-12-04,33913.81,19954.0,80.0,76.0,4,0,12
2009-12-05,9803.05,5119.0,30.0,26.0,5,1,12
2009-12-06,24390.1,11502.0,72.0,63.0,6,1,12
2009-12-07,33002.49,15557.0,94.0,77.0,0,0,12
2009-12-08,44763.34,22241.0,102.0,91.0,1,0,12
2009-12-09,30763.17,15881.0,77.0,74.0,2,0,12
2009-12-10,38598.21,22534.0,87.0,82.0,3,0,12
2009-12-11,39204.17,21212.0,65.0,58.0,4,0,12
2009-12-12,0.0,0.0,0.0,0.0,5,1,12
2009-12-13,21577.35,12205.0,69.0,63.0,6,1,12
2009-12-14,51245.16,40815.0,80.0,69.0,0,0,12
2009-12-15,46836.63,26401.0,94.0,89.0,1,0,12
2009-12-16,36927.3,22044.0,90.0,81.0,2,0,12
2009-12-17,29758.87,15031.0,84.0,77.0,3,0,12
2009-12-18,31562.72,15225.0,61.0,55.0,4,0,12
2009-12-19,0.0,0.0,0.0,0.0,5,1,12
2009-12-20,11355.19,6236.0,32.0,31.0,6,1,12
2009-12-21,15549.64,8446.0,31.0,30.0,0,0,12
2009-12-22,10696.59,11913.0,21.0,16.0,1,0,12
2009-12-23,9485.67,4321.0,13.0,12.0,2,0,12
2009-12-24,0.0,0.0,0.0,0.0,3,0,12
2009-12-25,0.0,0.0,0.0,0.0,4,0,12
2009-12-26,0.0,0.0,0.0,0.0,5,1,12
2009-12-27,0.0,0.0,0.0,0.0,6,1,12
2009-12-28,0.0,0.0,0.0,0.0,0,0,12
2009-12-29,0.0,0.0,0.0,0.0,1,0,12
2009-12-30,0.0,0.0,0.0,0.0,2,0,12
2009-12-31,0.0,0.0,0.0,0.0,3,0,12
2010-01-01,0.0,0.0,0.0,0.0,4,0,1
2010-01-02,0.0,0.0,0.0,0.0,5,1,1
2010-01-03,0.0,0.0,0.0,0.0,6,1,1
2010-01-04,13415.09,10593.0,26.0,22.0,0,0,1
2010-01-05,19051.19,11288.0,33.0,31.0,1,0,1
2010-01-06,8731.26,7458.0,13.0,13.0,2,0,1
2010-01-07,72989.38,40592.0,45.0,41.0,3,0,1
2010-01-08,30292.7,12694.0,44.0,42.0,4,0,1
2010-01-09,0.0,0.0,0.0,0.0,5,1,1
2010-01-10,23157.33,13291.0,31.0,29.0,6,1,1
2010-01-11,19684.49,9414.0,43.0,37.0,0,0,1
2010-01-12,38833.58,20782.0,36.0,32.0,1,0,1
2010-01-13,12391.1,6541.0,25.0,25.0,2,0,1
2010-01-14,23721.64,11788.0,55.0,47.0,3,0,1
2010-01-15,13499.55,8414.0,44.0,37.0,4,0,1
2010-01-16,0.0,0.0,0.0,0.0,5,1,1
2010-01-17,17363.25,9910.0,39.0,35.0,6,1,1
2010-01-18,12078.84,8319.0,35.0,32.0,0,0,1
2010-01-19,21892.791,12939.0,45.0,41.0,1,0,1
2010-01-20,13244.34,8208.0,35.0,31.0,2,0,1
2010-01-21,27359.23,72900.0,48.0,47.0,3,0,1
2010-01-22,29345.83,16974.0,42.0,39.0,4,0,1
2010-01-23,0.0,0.0,0.0,0.0,5,1,1
2010-01-24,15552.32,8700.0,49.0,48.0,6,1,1
2010-01-25,18346.54,9104.0,45.0,44.0,0,0,1
2010-01-26,38570.37,22305.0,81.0,68.0,1,0,1
2010-01-27,23722.72,16985.0,51.0,47.0,2,0,1
2010-01-28,18914.83,10855.0,53.0,48.0,3,0,1
2010-01-29,25382.441,9471.0,45.0,37.0,4,0,1
2010-01-30,0.0,0.0,0.0,0.0,5,1,1
2010-01-31,18261.86,10557.0,48.0,47.0,6,1,1
2010-02-01,16606.931,8581.0,56.0,49.0,0,0,2
2010-02-02,19532.03,10543.0,41.0,34.0,1,0,2
2010-02-03,17230.061,9369.0,44.0,41.0,2,0,2
2010-02-04,22486.01,12794.0,62.0,52.0,3,0,2
2010-02-05,19420.74,9889.0,38.0,35.0,4,0,2
2010-02-06,0.0,0.0,0.0,0.0,5,1,2
2010-02-07,17023.920000000002,11179.0,29.0,29.0,6,1,2
2010-02-08,13016.04,7043.0,49.0,45.0,0,0,2
2010-02-09,18398.26,10629.0,51.0,51.0,1,0,2
2010-02-10,6082.34,3066.0,27.0,24.0,2,0,2
2010-02-11,15061.87,9027.0,54.0,48.0,3,0,2
2010-02-12,9728.96,7324.0,28.0,27.0,4,0,2
2010-02-13,0.0,0.0,0.0,0.0,5,1,2
2010-02-14,17772.19,10892.0,45.0,39.0,6,1,2
2010-02-15,42318.211,96358.0,43.0,35.0,0,0,2
2010-02-16,25669.01,15744.0,58.0,51.0,1,0,2
2010-02-17,26455.22,24986.0,46.0,42.0,2,0,2
2010-02-18,35737.24,19851.0,62.0,58.0,3,0,2
2010-02-19,18931.99,10862.0,34.0,30.0,4,0,2
2010-02-20,0.0,0.0,0.0,0.0,5,1,2
2010-02-21,11394.731,5555.0,37.0,34.0,6,1,2
2010-02-22,26336.24,13423.0,46.0,41.0,0,0,2
2010-02-23,20840.01,11574.0,44.0,42.0,1,0,2
2010-02-24,30392.661,21941.0,59.0,47.0,2,0,2
2010-02-25,44604.16,26014.0,66.0,55.0,3,0,2
2010-02-26,12778.641,6798.0,32.0,26.0,4,0,2
2010-02-27,0.0,0.0,0.0,0.0,5,1,2
2010-02-28,16741.49,8419.0,53.0,50.0,6,1,2
2010-03-01,23933.87,21188.0,57.0,49.0,0,0,3
2010-03-02,21667.8,11019.0,52.0,48.0,1,0,3
2010-03-03,31849.7,20031.0,60.0,53.0,2,0,3
2010-03-04,29966.35,18044.0,73.0,67.0,3,0,3
2010-03-05,25361.64,17947.0,59.0,55.0,4,0,3
2010-03-06,0.0,0.0,0.0,0.0,5,1,3
2010-03-07,19034.6,10876.0,50.0,46.0,6,1,3
2010-03-08,26605.58,13876.0,69.0,66.0,0,0,3
2010-03-09,19665.69,11984.0,53.0,51.0,1,0,3
2010-03-10,22905.79,17302.0,56.0,47.0,2,0,3
2010-03-11,21537.09,13706.0,46.0,39.0,3,0,3
2010-03-12,19123.05,10586.0,35.0,30.0,4,0,3
2010-03-13,0.0,0.0,0.0,0.0,5,1,3
2010-03-14,8947.9,4927.0,24.0,22.0,6,1,3
2010-03-15,20536.681,13990.0,49.0,41.0,0,0,3
2010-03-16,21048.78,12256.0,43.0,42.0,1,0,3
2010-03-17,29543.78,78565.0,44.0,40.0,2,0,3
2010-03-18,37570.75,20574.0,81.0,70.0,3,0,3
2010-03-19,35274.3,12780.0,52.0,47.0,4,0,3
2010-03-20,0.0,0.0,0.0,0.0,5,1,3
2010-03-21,20485.48,12262.0,55.0,51.0,6,1,3
2010-03-22,21494.16,12051.0,52.0,49.0,0,0,3
2010-03-23,41826.29,54157.0,65.0,58.0,1,0,3
2010-03-24,25970.5,13663.0,66.0,59.0,2,0,3
2010-03-25,30503.38,16603.0,75.0,67.0,3,0,3
2010-03-26,29867.35,20215.0,56.0,48.0,4,0,3
2010-03-27,0.0,0.0,0.0,0.0,5,1,3
2010-03-28,22402.0,14517.0,59.0,56.0,6,1,3
2010-03-29,31740.38,18251.0,58.0,41.0,0,0,3
2010-03-30,33524.51,18224.0,68.0,54.0,1,0,3
2010-03-31,24591.07,12506.0,67.0,59.0,2,0,3
2010-04-01,28646.66,16895.0,74.0,72.0,3,0,4
2010-04-02,0.0,0.0,0.0,0.0,4,0,4
2010-04-03,0.0,0.0,0.0,0.0,5,1,4
2010-04-04,0.0,0.0,0.0,0.0,6,1,4
2010-04-05,0.0,0.0,0.0,0.0,0,0,4
2010-04-06,17900.83,12715.0,53.0,46.0,1,0,4
2010-04-07,32146.75,22970.0,59.0,46.0,2,0,4
2010-04-08,39866.6,25830.0,81.0,70.0,3,0,4
2010-04-09,14668.53,8676.0,35.0,33.0,4,0,4
2010-04-10,0.0,0.0,0.0,0.0,5,1,4
2010-04-11,19732.05,11585.0,42.0,40.0,6,1,4
2010-04-12,25912.471,12188.0,44.0,37.0,0,0,4
2010-04-13,25736.04,14373.0,49.0,43.0,1,0,4
2010-04-14,27054.25,16322.0,43.0,39.0,2,0,4
2010-04-15,19538.34,10700.0,64.0,57.0,3,0,4
2010-04-16,19363.82,14781.0,38.0,37.0,4,0,4
2010-04-17,0.0,0.0,0.0,0.0,5,1,4
2010-04-18,23934.46,12961.0,54.0,43.0,6,1,4
2010-04-19,24561.04,14564.0,61.0,44.0,0,0,4
2010-04-20,21202.35,12416.0,62.0,53.0,1,0,4
2010-04-21,25873.86,11566.0,60.0,51.0,2,0,4
2010-04-22,35741.2,21229.0,77.0,67.0,3,0,4
2010-04-23,14969.64,9829.0,52.0,43.0,4,0,4
2010-04-24,0.0,0.0,0.0,0.0,5,1,4
2010-04-25,16574.53,8380.0,46.0,44.0,6,1,4
2010-04-26,29734.03,17979.0,73.0,66.0,0,0,4
2010-04-27,43534.06,22759.0,74.0,63.0,1,0,4
2010-04-28,31181.87,19058.0,70.0,62.0,2,0,4
2010-04-29,29575.671,16370.0,76.0,71.0,3,0,4
2010-04-30,24532.95,16441.0,42.0,36.0,4,0,4
2010-05-01,0.0,0.0,0.0,0.0,5,1,5
2010-05-02,12342.17,6296.0,40.0,39.0,6,1,5
2010-05-03,0.0,0.0,0.0,0.0,0,0,5
2010-05-04,18945.33,10501.0,48.0,43.0,1,0,5
2010-05-05,23625.22,14814.0,66.0,57.0,2,0,5
2010-05-06,51704.13,30422.0,76.0,68.0,3,0,5
2010-05-07,31976.09,22834.0,63.0,48.0,4,0,5
2010-05-08,0.0,0.0,0.0,0.0,5,1,5
2010-05-09,22852.06,11825.0,62.0,52.0,6,1,5
2010-05-10,26496.43,14734.0,70.0,65.0,0,0,5
2010-05-11,25201.04,17134.0,62.0,59.0,1,0,5
2010-05-12,29744.74,21360.0,64.0,51.0,2,0,5
2010-05-13,38966.0,26351.0,64.0,58.0,3,0,5
2010-05-14,16895.24,13848.0,40.0,36.0,4,0,5
2010-05-15,0.0,0.0,0.0,0.0,5,1,5
2010-05-16,18370.09,11028.0,44.0,38.0,6,1,5
2010-05-17,23290.76,13483.0,46.0,42.0,0,0,5
2010-05-18,26164.58,21947.0,60.0,51.0,1,0,5
2010-05-19,16575.5,9421.0,58.0,56.0,2,0,5
2010-05-20,25331.44,15470.0,66.0,57.0,3,0,5
2010-05-21,22494.36,9052.0,44.0,39.0,4,0,5
2010-05-22,0.0,0.0,0.0,0.0,5,1,5
2010-05-23,24824.93,13755.0,48.0,41.0,6,1,5
2010-05-24,33536.19,32351.0,67.0,61.0,0,0,5
2010-05-25,20415.92,14606.0,57.0,52.0,1,0,5
2010-05-26,29586.64,18023.0,69.0,64.0,2,0,5
2010-05-27,29221.67,17496.0,83.0,77.0,3,0,5
2010-05-28,18569.88,12005.0,49.0,43.0,4,0,5
2010-05-29,0.0,0.0,0.0,0.0,5,1,5
2010-05-30,10702.97,6204.0,31.0,30.0,6,1,5
2010-05-31,0.0,0.0,0.0,0.0,0,0,5
2010-06-01,13093.79,7769.0,36.0,33.0,1,0,6
2010-06-02,13714.76,11289.0,42.0,38.0,2,0,6
2010-06-03,26644.63,16947.0,62.0,52.0,3,0,6
2010-06-04,11447.73,6389.0,34.0,29.0,4,0,6
2010-06-05,0.0,0.0,0.0,0.0,5,1,6
2010-06-06,25457.15,14079.0,68.0,62.0,6,1,6
2010-06-07,45523.11,28736.0,99.0,81.0,0,0,6
2010-06-08,48215.48,25001.0,74.0,61.0,1,0,6
2010-06-09,36508.94,24843.0,63.0,59.0,2,0,6
2010-06-10,18009.12,9677.0,62.0,56.0,3,0,6
2010-06-11,30835.29,20517.0,74.0,65.0,4,0,6
2010-06-12,0.0,0.0,0.0,0.0,5,1,6
2010-06-13,21147.77,10942.0,69.0,61.0,6,1,6
2010-06-14,21317.37,15586.0,51.0,48.0,0,0,6
2010-06-15,26937.46,18633.0,46.0,41.0,1,0,6
2010-06-16,29229.94,18495.0,77.0,65.0,2,0,6
2010-06-17,22635.35,12892.0,69.0,61.0,3,0,6
2010-06-18,17788.69,9315.0,47.0,44.0,4,0,6
2010-06-19,0.0,0.0,0.0,0.0,5,1,6
2010-06-20,9078.58,4487.0,26.0,26.0,6,1,6
2010-06-21,18116.21,11305.0,43.0,40.0,0,0,6
2010-06-22,12414.03,6355.0,41.0,36.0,1,0,6
2010-06-23,25098.24,15489.0,61.0,54.0,2,0,6
2010-06-24,17217.85,9410.0,47.0,42.0,3,0,6
2010-06-25,12371.59,6502.0,40.0,37.0,4,0,6
2010-06-26,0.0,0.0,0.0,0.0,5,1,6
2010-06-27,18706.92,10851.0,55.0,52.0,6,1,6
2010-06-28,51132.78,33808.0,68.0,64.0,0,0,6
2010-06-29,32236.92,20301.0,68.0,56.0,1,0,6
2010-06-30,31491.43,20254.0,75.0,67.0,2,0,6
2010-07-01,28830.02,16217.0,81.0,80.0,3,0,7
2010-07-02,16726.13,8599.0,44.0,36.0,4,0,7
2010-07-03,0.0,0.0,0.0,0.0,5,1,7
2010-07-04,10376.29,5302.0,21.0,20.0,6,1,7
2010-07-05,30963.57,16155.0,81.0,65.0,0,0,7
2010-07-06,19917.28,11148.0,54.0,47.0,1,0,7
2010-07-07,24902.95,13410.0,60.0,56.0,2,0,7
2010-07-08,19973.45,11697.0,65.0,58.0,3,0,7
2010-07-09,33408.64,13024.0,25.0,23.0,4,0,7
2010-07-10,0.0,0.0,0.0,0.0,5,1,7
2010-07-11,7609.23,5711.0,26.0,24.0,6,1,7
2010-07-12,16101.17,8861.0,47.0,38.0,0,0,7
2010-07-13,17419.12,8822.0,49.0,38.0,1,0,7
2010-07-14,19418.63,12055.0,52.0,47.0,2,0,7
2010-07-15,55836.91,27673.0,78.0,64.0,3,0,7
2010-07-16,21137.76,14039.0,62.0,56.0,4,0,7
2010-07-17,0.0,0.0,0.0,0.0,5,1,7
2010-07-18,14581.99,9382.0,39.0,37.0,6,1,7
2010-07-19,28611.56,18120.0,56.0,54.0,0,0,7
2010-07-20,23124.39,11707.0,54.0,48.0,1,0,7
2010-07-21,19142.73,12555.0,46.0,42.0,2,0,7
2010-07-22,21620.39,13161.0,61.0,57.0,3,0,7
2010-07-23,23886.33,12828.0,38.0,37.0,4,0,7
2010-07-24,0.0,0.0,0.0,0.0,5,1,7
2010-07-25,17230.6,11531.0,54.0,51.0,6,1,7
2010-07-26,20232.85,14216.0,52.0,47.0,0,0,7
2010-07-27,28265.86,14179.0,64.0,56.0,1,0,7
2010-07-28,23252.72,13351.0,63.0,60.0,2,0,7
2010-07-29,32801.91,12799.0,65.0,60.0,3,0,7
2010-07-30,14363.69,8090.0,44.0,39.0,4,0,7
2010-07-31,0.0,0.0,0.0,0.0,5,1,7
2010-08-01,30637.95,9702.0,32.0,27.0,6,1,8
2010-08-02,26124.16,11762.0,57.0,49.0,0,0,8
2010-08-03,22362.79,15479.0,50.0,47.0,1,0,8
2010-08-04,17555.5,10923.0,49.0,47.0,2,0,8
2010-08-05,23145.06,16453.0,51.0,48.0,3,0,8
2010-08-06,14728.15,9731.0,34.0,31.0,4,0,8
2010-08-07,0.0,0.0,0.0,0.0,5,1,8
2010-08-08,13950.71,8116.0,43.0,41.0,6,1,8
2010-08-09,31336.59,100084.0,49.0,41.0,0,0,8
2010-08-10,28209.74,18426.0,39.0,33.0,1,0,8
2010-08-11,18629.86,7532.0,39.0,35.0,2,0,8
2010-08-12,26031.28,17702.0,71.0,56.0,3,0,8
2010-08-13,15150.14,12562.0,40.0,34.0,4,0,8
2010-08-14,0.0,0.0,0.0,0.0,5,1,8
2010-08-15,20484.46,16575.0,56.0,52.0,6,1,8
2010-08-16,14270.74,10076.0,34.0,32.0,0,0,8
2010-08-17,28802.52,18060.0,44.0,40.0,1,0,8
2010-08-18,35122.520000000004,22420.0,55.0,47.0,2,0,8
2010-08-19,30663.35,22152.0,67.0,55.0,3,0,8
2010-08-20,23250.77,18521.0,56.0,49.0,4,0,8
2010-08-21,0.0,0.0,0.0,0.0,5,1,8
2010-08-22,22677.01,13884.0,60.0,51.0,6,1,8
2010-08-23,20655.35,12896.0,44.0,37.0,0,0,8
2010-08-24,26577.16,18872.0,60.0,53.0,1,0,8
2010-08-25,30466.76,17238.0,69.0,62.0,2,0,8
2010-08-26,31964.34,16961.0,70.0,64.0,3,0,8
2010-08-27,12166.64,6611.0,31.0,29.0,4,0,8
2010-08-28,0.0,0.0,0.0,0.0,5,1,8
2010-08-29,14449.3,8766.0,39.0,36.0,6,1,8
2010-08-30,0.0,0.0,0.0,0.0,0,0,8
2010-08-31,22811.75,11038.0,54.0,48.0,1,0,8
2010-09-01,20351.36,11835.0,37.0,35.0,2,0,9
2010-09-02,33430.57,21102.0,87.0,77.0,3,0,9
2010-09-03,34739.16,30598.0,54.0,49.0,4,0,9
2010-09-04,0.0,0.0,0.0,0.0,5,1,9
2010-09-05,12286.71,7222.0,35.0,35.0,6,1,9
2010-09-06,23717.79,14951.0,49.0,41.0,0,0,9
2010-09-07,24397.45,14936.0,49.0,45.0,1,0,9
2010-09-08,16175.22,9924.0,48.0,45.0,2,0,9
2010-09-09,23526.38,12862.0,63.0,59.0,3,0,9
2010-09-10,15988.35,9905.0,43.0,38.0,4,0,9
2010-09-11,0.0,0.0,0.0,0.0,5,1,9
2010-09-12,15528.75,9278.0,48.0,46.0,6,1,9
2010-09-13,32892.16,27446.0,66.0,52.0,0,0,9
2010-09-14,19705.02,11071.0,62.0,56.0,1,0,9
2010-09-15,33812.4,21295.0,65.0,61.0,2,0,9
2010-09-16,27099.271,14409.0,65.0,51.0,3,0,9
2010-09-17,19486.54,11401.0,45.0,41.0,4,0,9
2010-09-18,0.0,0.0,0.0,0.0,5,1,9
2010-09-19,22783.53,13649.0,57.0,54.0,6,1,9
2010-09-20,38563.96,24263.0,72.0,59.0,0,0,9
2010-09-21,54698.89,35197.0,100.0,76.0,1,0,9
2010-09-22,27208.8,14065.0,70.0,39.0,2,0,9
2010-09-23,34305.1,20697.0,81.0,72.0,3,0,9
2010-09-24,47106.39,27622.0,55.0,45.0,4,0,9
2010-09-25,0.0,0.0,0.0,0.0,5,1,9
2010-09-26,21703.9,13359.0,63.0,51.0,6,1,9
2010-09-27,115172.24,124721.0,90.0,69.0,0,0,9
2010-09-28,40015.41,22204.0,109.0,91.0,1,0,9
2010-09-29,36740.03,20250.0,95.0,83.0,2,0,9
2010-09-30,37578.57,22891.0,81.0,74.0,3,0,9
2010-10-01,34550.89,21567.0,64.0,55.0,4,0,10
2010-10-02,0.0,0.0,0.0,0.0,5,1,10
2010-10-03,38335.52,20272.0,75.0,64.0,6,1,10
2010-10-04,34956.56,22556.0,76.0,72.0,0,0,10
2010-10-05,55108.91,34051.0,116.0,101.0,1,0,10
2010-10-06,30355.01,21523.0,59.0,58.0,2,0,10
2010-10-07,47610.92,28267.0,112.0,92.0,3,0,10
2010-10-08,51836.73,39626.0,65.0,58.0,4,0,10
2010-10-09,0.0,0.0,0.0,0.0,5,1,10
2010-10-10,23139.31,12412.0,67.0,59.0,6,1,10
2010-10-11,39962.9,23986.0,85.0,78.0,0,0,10
2010-10-12,46566.35,28703.0,104.0,94.0,1,0,10
2010-10-13,51564.7,39725.0,81.0,74.0,2,0,10
2010-10-14,86945.13,37066.0,96.0,81.0,3,0,10
2010-10-15,42398.82,20610.0,95.0,80.0,4,0,10
2010-10-16,0.0,0.0,0.0,0.0,5,1,10
2010-10-17,31176.14,18342.0,70.0,62.0,6,1,10
2010-10-18,36591.44,18509.0,97.0,90.0,0,0,10
2010-10-19,46577.64,26330.0,73.0,65.0,1,0,10
2010-10-20,43387.26,23589.0,103.0,89.0,2,0,10
2010-10-21,32847.8,15231.0,89.0,76.0,3,0,10
2010-10-22,32843.94,21524.0,77.0,68.0,4,0,10
2010-10-23,0.0,0.0,0.0,0.0,5,1,10
2010-10-24,28634.59,15444.0,82.0,74.0,6,1,10
2010-10-25,27945.06,14106.0,69.0,63.0,0,0,10
2010-10-26,42545.95,25020.0,98.0,85.0,1,0,10
2010-10-27,30480.55,15563.0,70.0,66.0,2,0,10
2010-10-28,30701.3,13564.0,57.0,52.0,3,0,10
2010-10-29,36100.95,22499.0,71.0,62.0,4,0,10
2010-10-30,0.0,0.0,0.0,0.0,5,1,10
2010-10-31,29947.64,16347.0,82.0,79.0,6,1,10
2010-11-01,20730.24,12325.0,52.0,47.0,0,0,11
2010-11-02,42866.91,23626.0,86.0,79.0,1,0,11
2010-11-03,42870.87,23025.0,86.0,75.0,2,0,11
2010-11-04,83876.12,58902.0,126.0,104.0,3,0,11
2010-11-05,40907.93,19838.0,65.0,57.0,4,0,11
2010-11-06,0.0,0.0,0.0,0.0,5,1,11
2010-11-07,31345.79,18341.0,81.0,75.0,6,1,11
2010-11-08,32303.991,18193.0,76.0,67.0,0,0,11
2010-11-09,53013.21,32781.0,113.0,99.0,1,0,11
2010-11-10,73575.93000000001,33426.0,127.0,100.0,2,0,11
2010-11-11,59712.61,33217.0,119.0,99.0,3,0,11
2010-11-12,36167.25,20025.0,99.0,81.0,4,0,11
2010-11-13,0.0,0.0,0.0,0.0,5,1,11
2010-11-14,27934.71,16462.0,86.0,76.0,6,1,11
2010-11-15,42964.04,21740.0,98.0,83.0,0,0,11
2010-11-16,63788.84,37378.0,106.0,95.0,1,0,11
2010-11-17,45726.741,27327.0,113.0,97.0,2,0,11
2010-11-18,37074.97,19353.0,96.0,91.0,3,0,11
2010-11-19,39999.42,23892.0,100.0,90.0,4,0,11
2010-11-20,0.0,0.0,0.0,0.0,5,1,11
2010-11-21,32056.05,17985.0,96.0,89.0,6,1,11
2010-11-22,31724.88,16898.0,89.0,80.0,0,0,11
2010-11-23,49805.35,24919.0,128.0,112.0,1,0,11
2010-11-24,41138.6,24336.0,117.0,104.0,2,0,11
2010-11-25,67870.96,36908.0,146.0,133.0,3,0,11
2010-11-26,28828.04,14797.0,78.0,72.0,4,0,11
2010-11-27,0.0,0.0,0.0,0.0,5,1,11
2010-11-28,27125.16,16290.0,90.0,83.0,6,1,11
2010-11-29,63245.18,36434.0,98.0,89.0,0,0,11
2010-11-30,49806.23,24650.0,116.0,101.0,1,0,11
2010-12-01,46192.49,24114.0,121.0,95.0,2,0,12
2010-12-02,47197.57,31077.0,137.0,99.0,3,0,12
2010-12-03,23876.63,11798.0,57.0,50.0,4,0,12
2010-12-04,0.0,0.0,0.0,0.0,5,1,12
2010-12-05,31361.28,16241.0,87.0,75.0,6,1,12
2010-12-06,31009.33,16115.0,94.0,82.0,0,0,12
2010-12-07,53730.96,19404.0,71.0,65.0,1,0,12
2010-12-08,39094.2,21497.0,111.0,99.0,2,0,12
2010-12-09,38193.91,17383.0,98.0,90.0,3,0,12
2010-12-10,33488.38,15927.0,72.0,53.0,4,0,12
2010-12-11,0.0,0.0,0.0,0.0,5,1,12
2010-12-12,17102.35,10533.0,43.0,42.0,6,1,12
2010-12-13,27578.34,15309.0,64.0,59.0,0,0,12
2010-12-14,29235.13,17707.0,81.0,73.0,1,0,12
2010-12-15,30251.47,18388.0,70.0,66.0,2,0,12
2010-12-16,48791.87,29711.0,113.0,98.0,3,0,12
2010-12-17,19966.36,11395.0,55.0,51.0,4,0,12
2010-12-18,0.0,0.0,0.0,0.0,5,1,12
2010-12-19,7292.95,3674.0,18.0,17.0,6,1,12
2010-12-20,19599.06,13419.0,50.0,41.0,0,0,12
2010-12-21,15929.16,11062.0,27.0,23.0,1,0,12
2010-12-22,4886.52,3074.0,14.0,13.0,2,0,12
2010-12-23,5644.77,3220.0,17.0,15.0,3,0,12
2010-12-24,0.0,0.0,0.0,0.0,4,0,12
2010-12-25,0.0,0.0,0.0,0.0,5,1,12
2010-12-26,0.0,0.0,0.0,0.0,6,1,12
2010-12-27,0.0,0.0,0.0,0.0,0,0,12
2010-12-28,0.0,0.0,0.0,0.0,1,0,12
2010-12-29,0.0,0.0,0.0,0.0,2,0,12
2010-12-30,0.0,0.0,0.0,0.0,3,0,12
2010-12-31,0.0,0.0,0.0,0.0,4,0,12
2011-01-01,0.0,0.0,0.0,0.0,5,1,1
2011-01-02,0.0,0.0,0.0,0.0,6,1,1
2011-01-03,0.0,0.0,0.0,0.0,0,0,1
2011-01-04,12105.11,6950.0,35.0,34.0,1,0,1
2011-01-05,28799.43,18369.0,48.0,45.0,2,0,1
2011-01-06,34343.79,21534.0,46.0,45.0,3,0,1
2011-01-07,23797.79,15122.0,47.0,45.0,4,0,1
2011-01-08,0.0,0.0,0.0,0.0,5,1,1
2011-01-09,15590.68,8125.0,48.0,48.0,6,1,1
2011-01-10,15330.83,9380.0,34.0,32.0,0,0,1
2011-01-11,60243.73,26072.0,53.0,47.0,1,0,1
2011-01-12,17124.74,7883.0,42.0,42.0,2,0,1
2011-01-13,15159.46,8309.0,41.0,41.0,3,0,1
2011-01-14,39509.7,21098.0,38.0,37.0,4,0,1
2011-01-15,0.0,0.0,0.0,0.0,5,1,1
2011-01-16,6976.39,4086.0,25.0,22.0,6,1,1
2011-01-17,16527.05,8692.0,46.0,45.0,0,0,1
2011-01-18,87559.21,80605.0,32.0,31.0,1,0,1
2011-01-19,21586.78,15869.0,33.0,33.0,2,0,1
2011-01-20,15197.08,8171.0,34.0,30.0,3,0,1
2011-01-21,24276.01,12694.0,34.0,32.0,4,0,1
2011-01-22,0.0,0.0,0.0,0.0,5,1,1
2011-01-23,10306.1,5200.0,27.0,27.0,6,1,1
2011-01-24,17601.87,9587.0,44.0,43.0,0,0,1
2011-01-25,23994.38,14443.0,59.0,57.0,1,0,1
2011-01-26,17424.45,10418.0,53.0,49.0,2,0,1
2011-01-27,22050.49,10902.0,50.0,50.0,3,0,1
2011-01-28,17247.2,9164.0,37.0,36.0,4,0,1
2011-01-29,0.0,0.0,0.0,0.0,5,1,1
2011-01-30,6542.61,3383.0,24.0,22.0,6,1,1
2011-01-31,18806.43,12417.0,57.0,50.0,0,0,1
2011-02-01,26358.7,14995.0,58.0,57.0,1,0,2
2011-02-02,17091.15,8908.0,56.0,55.0,2,0,2
2011-02-03,22171.9,15427.0,45.0,44.0,3,0,2
2011-02-04,18087.96,11254.0,45.0,41.0,4,0,2
2011-02-05,0.0,0.0,0.0,0.0,5,1,2
2011-02-06,3439.67,2036.0,11.0,11.0,6,1,2
2011-02-07,23382.97,8567.0,38.0,35.0,0,0,2
2011-02-08,14153.34,8664.0,38.0,37.0,1,0,2
2011-02-09,11910.83,6144.0,23.0,22.0,2,0,2
2011-02-10,14155.36,11767.0,40.0,39.0,3,0,2
2011-02-11,18579.96,9575.0,38.0,34.0,4,0,2
2011-02-12,0.0,0.0,0.0,0.0,5,1,2
2011-02-13,5645.48,2723.0,20.0,20.0,6,1,2
2011-02-14,22999.39,12339.0,36.0,36.0,0,0,2
2011-02-15,37750.62,22082.0,53.0,47.0,1,0,2
2011-02-16,23413.97,15729.0,62.0,56.0,2,0,2
2011-02-17,17659.64,12747.0,55.0,50.0,3,0,2
2011-02-18,14438.73,8610.0,35.0,34.0,4,0,2
2011-02-19,0.0,0.0,0.0,0.0,5,1,2
2011-02-20,9437.8,5218.0,26.0,26.0,6,1,2
2011-02-21,32724.38,20376.0,33.0,31.0,0,0,2
2011-02-22,29116.63,20921.0,50.0,47.0,1,0,2
2011-02-23,19315.97,12139.0,53.0,49.0,2,0,2
2011-02-24,21463.94,11558.0,53.0,52.0,3,0,2
2011-02-25,18377.14,10038.0,45.0,42.0,4,0,2
2011-02-26,0.0,0.0,0.0,0.0,5,1,2
2011-02-27,9382.71,4823.0,33.0,31.0,6,1,2
2011-02-28,15026.68,8387.0,51.0,49.0,0,0,2
2011-03-01,23621.59,11566.0,56.0,52.0,1,0,3
2011-03-02,18666.14,8608.0,42.0,40.0,2,0,3
2011-03-03,32818.19,19119.0,47.0,46.0,3,0,3
2011-03-04,17302.55,12930.0,45.0,38.0,4,0,3
2011-03-05,0.0,0.0,0.0,0.0,5,1,3
2011-03-06,9951.67,5026.0,26.0,24.0,6,1,3
2011-03-07,20247.85,11088.0,58.0,49.0,0,0,3
2011-03-08,22184.11,13811.0,44.0,41.0,1,0,3
2011-03-09,20320.23,11457.0,51.0,47.0,2,0,3
2011-03-10,24429.77,15222.0,52.0,46.0,3,0,3
2011-03-11,20894.75,9249.0,48.0,42.0,4,0,3
2011-03-12,0.0,0.0,0.0,0.0,5,1,3
2011-03-13,4117.22,2733.0,16.0,16.0,6,1,3
2011-03-14,25866.33,16729.0,48.0,41.0,0,0,3
2011-03-15,14896.28,7918.0,41.0,40.0,1,0,3
2011-03-16,21715.11,12843.0,50.0,46.0,2,0,3
2011-03-17,31976.51,19025.0,56.0,51.0,3,0,3
2011-03-18,23334.6,13214.0,52.0,48.0,4,0,3
2011-03-19,0.0,0.0,0.0,0.0,5,1,3
2011-03-20,19880.99,13473.0,57.0,56.0,6,1,3
2011-03-21,16020.1,9443.0,48.0,47.0,0,0,3
2011-03-22,19016.94,13484.0,41.0,40.0,1,0,3
2011-03-23,21566.02,13918.0,59.0,55.0,2,0,3
2011-03-24,36496.79,18164.0,68.0,63.0,3,0,3
2011-03-25,27271.1,13325.0,52.0,45.0,4,0,3
2011-03-26,0.0,0.0,0.0,0.0,5,1,3
2011-03-27,9189.77,4495.0,31.0,31.0,6,1,3
2011-03-28,19961.67,11574.0,58.0,52.0,0,0,3
2011-03-29,37190.52,24183.0,50.0,46.0,1,0,3
2011-03-30,29523.85,20055.0,66.0,63.0,2,0,3
2011-03-31,25621.11,14930.0,59.0,57.0,3,0,3
2011-04-01,24487.9,18279.0,68.0,59.0,4,0,4
2011-04-02,0.0,0.0,0.0,0.0,5,1,4
2011-04-03,6872.53,5646.0,19.0,18.0,6,1,4
2011-04-04,28998.01,12861.0,54.0,49.0,0,0,4
2011-04-05,28667.42,15175.0,46.0,45.0,1,0,4
2011-04-06,12698.32,8011.0,37.0,36.0,2,0,4
2011-04-07,16780.32,10063.0,61.0,57.0,3,0,4
2011-04-08,22673.91,12272.0,65.0,63.0,4,0,4
2011-04-09,0.0,0.0,0.0,0.0,5,1,4
2011-04-10,9879.75,5603.0,32.0,31.0,6,1,4
2011-04-11,20179.7,13127.0,59.0,54.0,0,0,4
2011-04-12,23988.6,14577.0,60.0,54.0,1,0,4
2011-04-13,24450.27,18752.0,60.0,54.0,2,0,4
2011-04-14,35682.73,18507.0,82.0,75.0,3,0,4
2011-04-15,17999.181,11088.0,41.0,40.0,4,0,4
2011-04-16,0.0,0.0,0.0,0.0,5,1,4
2011-04-17,12630.34,8136.0,42.0,39.0,6,1,4
2011-04-18,43671.37,26219.0,62.0,56.0,0,0,4
2011-04-19,18811.19,12902.0,53.0,52.0,1,0,4
2011-04-20,25715.8,17851.0,62.0,58.0,2,0,4
2011-04-21,27771.04,17075.0,71.0,64.0,3,0,4
2011-04-22,0.0,0.0,0.0,0.0,4,0,4
2011-04-23,0.0,0.0,0.0,0.0,5,1,4
2011-04-24,0.0,0.0,0.0,0.0,6,1,4
2011-04-25,0.0,0.0,0.0,0.0,0,0,4
2011-04-26,21536.86,14458.0,59.0,55.0,1,0,4
2011-04-27,23566.91,17658.0,61.0,56.0,2,0,4
2011-04-28,21312.18,13106.0,55.0,49.0,3,0,4
2011-04-29,0.0,0.0,0.0,0.0,4,0,4
2011-04-30,0.0,0.0,0.0,0.0,5,1,4
2011-05-01,6958.11,3814.0,18.0,18.0,6,1,5
2011-05-02,0.0,0.0,0.0,0.0,0,0,5
2011-05-03,28877.21,11134.0,59.0,50.0,1,0,5
2011-05-04,27509.81,17359.0,62.0,55.0,2,0,5
2011-05-05,25191.79,16188.0,82.0,76.0,3,0,5
2011-05-06,30783.33,18285.0,77.0,64.0,4,0,5
2011-05-07,0.0,0.0,0.0,0.0,5,1,5
2011-05-08,18731.98,10621.0,63.0,58.0,6,1,5
2011-05-09,21608.16,11679.0,63.0,59.0,0,0,5
2011-05-10,29807.25,16381.0,70.0,63.0,1,0,5
2011-05-11,31848.3,18422.0,73.0,56.0,2,0,5
2011-05-12,59827.74,37090.0,84.0,68.0,3,0,5
2011-05-13,25815.72,13265.0,67.0,52.0,4,0,5
2011-05-14,0.0,0.0,0.0,0.0,5,1,5
2011-05-15,9667.15,4768.0,30.0,29.0,6,1,5
2011-05-16,35706.7,15135.0,64.0,52.0,0,0,5
2011-05-17,46361.09,25164.0,72.0,56.0,1,0,5
2011-05-18,32775.69,18591.0,71.0,62.0,2,0,5
2011-05-19,31521.87,17160.0,92.0,82.0,3,0,5
2011-05-20,25351.44,15063.0,69.0,58.0,4,0,5
2011-05-21,0.0,0.0,0.0,0.0,5,1,5
2011-05-22,24087.15,12642.0,61.0,57.0,6,1,5
2011-05-23,31232.53,17479.0,64.0,55.0,0,0,5
2011-05-24,32460.83,14577.0,62.0,53.0,1,0,5
2011-05-25,21870.71,12435.0,60.0,52.0,2,0,5
2011-05-26,32764.38,16146.0,61.0,50.0,3,0,5
2011-05-27,21109.22,14828.0,56.0,49.0,4,0,5
2011-05-28,0.0,0.0,0.0,0.0,5,1,5
2011-05-29,7338.94,4067.0,24.0,20.0,6,1,5
2011-05-30,0.0,0.0,0.0,0.0,0,0,5
2011-05-31,18133.2,10568.0,51.0,48.0,1,0,5
2011-06-01,15380.39,9555.0,37.0,35.0,2,0,6
2011-06-02,28078.91,13703.0,42.0,33.0,3,0,6
2011-06-03,15024.11,7237.0,41.0,37.0,4,0,6
2011-06-04,0.0,0.0,0.0,0.0,5,1,6
2011-06-05,25423.76,13397.0,67.0,62.0,6,1,6
2011-06-06,16269.03,9139.0,56.0,54.0,0,0,6
2011-06-07,33807.85,17659.0,71.0,68.0,1,0,6
2011-06-08,30122.23,18809.0,82.0,71.0,2,0,6
2011-06-09,42862.8,27153.0,82.0,76.0,3,0,6
2011-06-10,58245.12,9833.0,44.0,41.0,4,0,6
2011-06-11,0.0,0.0,0.0,0.0,5,1,6
2011-06-12,12397.09,9454.0,38.0,38.0,6,1,6
2011-06-13,19696.66,10653.0,52.0,49.0,0,0,6
2011-06-14,33324.49,12960.0,52.0,42.0,1,0,6
2011-06-15,44954.18,29446.0,50.0,42.0,2,0,6
2011-06-16,32252.1,19616.0,81.0,74.0,3,0,6
2011-06-17,19053.53,11345.0,46.0,35.0,4,0,6
2011-06-18,0.0,0.0,0.0,0.0,5,1,6
2011-06-19,22421.48,15069.0,60.0,57.0,6,1,6
2011-06-20,26110.99,14865.0,59.0,49.0,0,0,6
2011-06-21,19827.91,13122.0,48.0,45.0,1,0,6
2011-06-22,21143.75,15269.0,57.0,55.0,2,0,6
2011-06-23,22469.62,13972.0,69.0,64.0,3,0,6
2011-06-24,16016.04,9063.0,45.0,40.0,4,0,6
2011-06-25,0.0,0.0,0.0,0.0,5,1,6
2011-06-26,7032.36,3760.0,26.0,24.0,6,1,6
2011-06-27,13381.75,9151.0,35.0,31.0,0,0,6
2011-06-28,30470.88,20821.0,49.0,41.0,1,0,6
2011-06-29,12569.78,7468.0,39.0,36.0,2,0,6
2011-06-30,41709.24,20495.0,65.0,55.0,3,0,6
2011-07-01,12146.44,7433.0,42.0,35.0,4,0,7
2011-07-02,0.0,0.0,0.0,0.0,5,1,7
2011-07-03,5972.7300000000005,3091.0,25.0,24.0,6,1,7
2011-07-04,30941.37,12056.0,37.0,32.0,0,0,7
2011-07-05,25988.51,17631.0,64.0,58.0,1,0,7
2011-07-06,22934.22,17805.0,66.0,61.0,2,0,7
2011-07-07,27860.38,17638.0,73.0,67.0,3,0,7
2011-07-08,17538.5,10153.0,46.0,42.0,4,0,7
2011-07-09,0.0,0.0,0.0,0.0,5,1,7
2011-07-10,5959.54,4204.0,24.0,20.0,6,1,7
2011-07-11,20008.83,14097.0,48.0,43.0,0,0,7
2011-07-12,17938.49,11537.0,45.0,41.0,1,0,7
2011-07-13,19411.52,15251.0,56.0,50.0,2,0,7
2011-07-14,31979.04,17049.0,69.0,61.0,3,0,7
2011-07-15,11814.7,6359.0,37.0,34.0,4,0,7
2011-07-16,0.0,0.0,0.0,0.0,5,1,7
2011-07-17,16926.15,10809.0,50.0,45.0,6,1,7
2011-07-18,22001.63,12701.0,46.0,45.0,0,0,7
2011-07-19,46583.01,28400.0,62.0,57.0,1,0,7
2011-07-20,27021.06,15341.0,53.0,47.0,2,0,7
2011-07-21,30271.94,19533.0,70.0,59.0,3,0,7
2011-07-22,14628.88,8325.0,37.0,34.0,4,0,7
2011-07-23,0.0,0.0,0.0,0.0,5,1,7
2011-07-24,26777.92,17569.0,57.0,53.0,6,1,7
2011-07-25,19676.55,14271.0,53.0,49.0,0,0,7
2011-07-26,17284.301,12637.0,46.0,44.0,1,0,7
2011-07-27,22846.13,13224.0,44.0,39.0,2,0,7
2011-07-28,54171.95,29683.0,78.0,68.0,3,0,7
2011-07-29,17166.75,11165.0,62.0,57.0,4,0,7
2011-07-30,0.0,0.0,0.0,0.0,5,1,7
2011-07-31,33112.36,19398.0,41.0,37.0,6,1,7
2011-08-01,19778.12,11256.0,39.0,35.0,0,0,8
2011-08-02,20272.0,14223.0,41.0,39.0,1,0,8
2011-08-03,26572.83,16125.0,62.0,59.0,2,0,8
2011-08-04,62074.19,40092.0,79.0,76.0,3,0,8
2011-08-05,19703.95,12162.0,52.0,47.0,4,0,8
2011-08-06,0.0,0.0,0.0,0.0,5,1,8
2011-08-07,7541.91,5174.0,29.0,28.0,6,1,8
2011-08-08,19743.98,12430.0,38.0,38.0,0,0,8
2011-08-09,25949.92,15821.0,40.0,38.0,1,0,8
2011-08-10,19853.41,12326.0,43.0,42.0,2,0,8
2011-08-11,54325.27,36444.0,64.0,58.0,3,0,8
2011-08-12,17970.170000000002,11049.0,46.0,40.0,4,0,8
2011-08-13,0.0,0.0,0.0,0.0,5,1,8
2011-08-14,5701.87,3172.0,25.0,21.0,6,1,8
2011-08-15,17235.95,10173.0,48.0,46.0,0,0,8
2011-08-16,16072.71,10461.0,50.0,44.0,1,0,8
2011-08-17,48554.44,24794.0,51.0,45.0,2,0,8
2011-08-18,54034.98,34016.0,67.0,64.0,3,0,8
2011-08-19,17326.07,10663.0,55.0,54.0,4,0,8
2011-08-20,0.0,0.0,0.0,0.0,5,1,8
2011-08-21,14410.25,8075.0,38.0,36.0,6,1,8
2011-08-22,29617.26,15527.0,63.0,57.0,0,0,8
2011-08-23,22384.02,13698.0,60.0,56.0,1,0,8
2011-08-24,38371.37,27328.0,72.0,59.0,2,0,8
2011-08-25,22441.26,13151.0,72.0,68.0,3,0,8
2011-08-26,24095.49,16763.0,44.0,41.0,4,0,8
2011-08-27,0.0,0.0,0.0,0.0,5,1,8
2011-08-28,10686.56,6701.0,37.0,36.0,6,1,8
2011-08-29,0.0,0.0,0.0,0.0,0,0,8
2011-08-30,8805.17,4207.0,23.0,23.0,1,0,8
2011-08-31,20527.89,11542.0,42.0,39.0,2,0,8
2011-09-01,37358.62,27850.0,76.0,69.0,3,0,9
2011-09-02,30203.86,15375.0,64.0,58.0,4,0,9
2011-09-03,0.0,0.0,0.0,0.0,5,1,9
2011-09-04,16930.43,10863.0,49.0,45.0,6,1,9
2011-09-05,35439.91,22266.0,67.0,57.0,0,0,9
2011-09-06,25466.97,14451.0,61.0,54.0,1,0,9
2011-09-07,21967.42,13731.0,46.0,42.0,2,0,9
2011-09-08,23048.38,15979.0,72.0,63.0,3,0,9
2011-09-09,25082.86,15989.0,58.0,52.0,4,0,9
2011-09-10,0.0,0.0,0.0,0.0,5,1,9
2011-09-11,35206.92,20906.0,75.0,68.0,6,1,9
2011-09-12,27777.36,16323.0,67.0,62.0,0,0,9
2011-09-13,48116.5,35000.0,63.0,61.0,1,0,9
2011-09-14,22013.75,13433.0,65.0,58.0,2,0,9
2011-09-15,71926.69,27638.0,79.0,70.0,3,0,9
2011-09-16,23245.03,14125.0,46.0,44.0,4,0,9
2011-09-17,0.0,0.0,0.0,0.0,5,1,9
2011-09-18,15639.55,8937.0,27.0,25.0,6,1,9
2011-09-19,46588.21,29241.0,69.0,63.0,0,0,9
2011-09-20,103377.68,42599.0,67.0,53.0,1,0,9
2011-09-21,38472.1,19615.0,67.0,65.0,2,0,9
2011-09-22,57734.98,32749.0,111.0,94.0,3,0,9
2011-09-23,31753.75,19786.0,58.0,56.0,4,0,9
2011-09-24,0.0,0.0,0.0,0.0,5,1,9
2011-09-25,31164.781,19424.0,75.0,74.0,6,1,9
2011-09-26,29265.511,15238.0,65.0,62.0,0,0,9
2011-09-27,29212.32,19505.0,75.0,67.0,1,0,9
2011-09-28,39001.91,24026.0,80.0,72.0,2,0,9
2011-09-29,44671.27,26957.0,103.0,93.0,3,0,9
2011-09-30,40023.44,21646.0,70.0,60.0,4,0,9
2011-10-01,0.0,0.0,0.0,0.0,5,1,10
2011-10-02,11479.98,8322.0,34.0,32.0,6,1,10
2011-10-03,62143.07,24553.0,65.0,48.0,0,0,10
2011-10-04,38532.09,23016.0,74.0,65.0,1,0,10
2011-10-05,73975.56999999999,45854.0,94.0,82.0,2,0,10
2011-10-06,60258.53,34513.0,116.0,98.0,3,0,10
2011-10-07,49089.47,29636.0,85.0,74.0,4,0,10
2011-10-08,0.0,0.0,0.0,0.0,5,1,10
2011-10-09,12215.51,7263.0,38.0,35.0,6,1,10
2011-10-10,42962.8,24990.0,90.0,83.0,0,0,10
2011-10-11,46401.14,26633.0,78.0,69.0,1,0,10
2011-10-12,27655.2,16151.0,82.0,73.0,2,0,10
2011-10-13,32850.25,17813.0,74.0,67.0,3,0,10
2011-10-14,32071.62,17189.0,70.0,61.0,4,0,10
2011-10-15,0.0,0.0,0.0,0.0,5,1,10
2011-10-16,21767.94,8649.0,35.0,32.0,6,1,10
2011-10-17,46868.65,30056.0,85.0,76.0,0,0,10
2011-10-18,37248.16,26865.0,77.0,73.0,1,0,10
2011-10-19,37227.88,18185.0,77.0,71.0,2,0,10
2011-10-20,60910.3,40833.0,86.0,76.0,3,0,10
2011-10-21,60364.01,24211.0,62.0,56.0,4,0,10
2011-10-22,0.0,0.0,0.0,0.0,5,1,10
2011-10-23,12156.57,6953.0,42.0,39.0,6,1,10
2011-10-24,38897.89,23661.0,73.0,61.0,0,0,10
2011-10-25,36113.86,25608.0,72.0,65.0,1,0,10
2011-10-26,34105.36,20101.0,92.0,77.0,2,0,10
2011-10-27,55747.2,32418.0,104.0,91.0,3,0,10
2011-10-28,37194.58,22966.0,65.0,60.0,4,0,10
2011-10-29,0.0,0.0,0.0,0.0,5,1,10
2011-10-30,34397.95,19943.0,96.0,88.0,6,1,10
2011-10-31,33006.87,15161.0,63.0,61.0,0,0,10
2011-11-01,29069.56,16530.0,76.0,74.0,1,0,11
2011-11-02,38536.44,26592.0,83.0,79.0,2,0,11
2011-11-03,60536.09,33435.0,100.0,86.0,3,0,11
2011-11-04,55716.47,33416.0,87.0,73.0,4,0,11
2011-11-05,0.0,0.0,0.0,0.0,5,1,11
2011-11-06,42508.59,23085.0,101.0,88.0,6,1,11
2011-11-07,28602.73,16358.0,90.0,81.0,0,0,11
2011-11-08,38151.91,21582.0,99.0,95.0,1,0,11
2011-11-09,60704.58,36588.0,118.0,101.0,2,0,11
2011-11-10,70373.03,37955.0,125.0,112.0,3,0,11
2011-11-11,36932.07,23844.0,93.0,87.0,4,0,11
2011-11-12,0.0,0.0,0.0,0.0,5,1,11
2011-11-13,28416.01,19610.0,83.0,75.0,6,1,11
2011-11-14,58595.22,32050.0,104.0,93.0,0,0,11
2011-11-15,47535.51,26773.0,104.0,93.0,1,0,11
2011-11-16,48154.12,29010.0,124.0,111.0,2,0,11
2011-11-17,55683.49,30235.0,136.0,125.0,3,0,11
2011-11-18,36606.25,20224.0,103.0,98.0,4,0,11
2011-11-19,0.0,0.0,0.0,0.0,5,1,11
2011-11-20,29642.39,18457.0,98.0,91.0,6,1,11
2011-11-21,45202.01,24494.0,96.0,85.0,0,0,11
2011-11-22,49438.55,31596.0,130.0,120.0,1,0,11
2011-11-23,71722.75,38287.0,130.0,107.0,2,0,11
2011-11-24,38359.69,22812.0,109.0,98.0,3,0,11
2011-11-25,26542.33,14142.0,73.0,69.0,4,0,11
2011-11-26,0.0,0.0,0.0,0.0,5,1,11
2011-11-27,16969.25,10307.0,56.0,51.0,6,1,11
2011-11-28,51632.21,27932.0,114.0,97.0,0,0,11
2011-11-29,48640.57,25886.0,126.0,109.0,1,0,11
2011-11-30,41396.79,24423.0,99.0,92.0,2,0,11
2011-12-01,44405.37,24810.0,118.0,111.0,3,0,12
2011-12-02,44526.1,25524.0,114.0,95.0,4,0,12
2011-12-03,0.0,0.0,0.0,0.0,5,1,12
2011-12-04,20232.0,11321.0,62.0,58.0,6,1,12
2011-12-05,58081.09,38347.0,116.0,105.0,0,0,12
2011-12-06,45989.66,27736.0,110.0,103.0,1,0,12
2011-12-07,69230.6,41011.0,104.0,94.0,2,0,12
2011-12-08,50395.96,27476.0,113.0,105.0,3,0,12
2011-12-09,184347.66,90553.0,41.0,35.0,4,0,12
