ds,yhat,yhat_lower,yhat_upper,trend,weekly,monthly
2009-12-01,26076.50564500361,13136.804472248563,39860.7372875255,21078.412199903203,7276.170385638304,-2278.076940537898
2009-12-02,24787.980367652777,10712.312800620582,38219.8102461298,21065.64665703253,4310.501930066554,-588.1682194463075
2009-12-03,31737.21017187582,17530.78612646406,45292.66825151908,21052.881114161853,10456.15390047187,228.17515724209696
2009-12-04,22721.101050107718,8935.277087767758,36887.000560486515,21040.11557129118,1486.2955750660412,194.68990375049614
2009-12-05,-2375.52133057189,-17026.004573986113,11293.074020337777,21027.350028420504,-23599.984292609275,197.11293361688138
2009-12-06,17209.619226492116,3462.68907330549,32519.309104946045,21014.58448554983,-4708.069010505073,903.1037514473591
2009-12-07,27781.417754456284,13814.257503359086,42095.26169101451,21001.818942679154,4778.931511948953,2000.6672998281788
2009-12-08,30765.69711665857,16609.871785249215,44638.16966626028,20989.05339980848,7276.1703856529275,2500.473331197168
2009-12-09,27061.03585385691,12575.63596549537,41418.74074212311,20976.287856937804,4310.501930078999,1774.2460668401068
2009-12-10,31695.988794025216,17706.302179748163,46251.004414264215,20963.52231406713,10456.153900437097,276.3125795209872
2009-12-11,21651.151181934685,8508.935970265953,35940.679789396,20950.756771196455,1486.2955750536414,-785.901164315409
2009-12-12,-3194.2292190281987,-18485.198600739197,10709.794632785823,20937.991228325784,-23599.98429260576,-532.2361547482246
2009-12-13,17009.285805463638,2914.608877459467,31762.10738012354,20925.22568545511,-4708.069010489862,792.1291304983934
2009-12-14,27747.740929220272,14144.903554671744,41989.12504127726,20912.46014151794,4778.931511941138,2056.349275761195
2009-12-15,30447.827040106815,15889.467807284811,45415.5576176897,20899.694597580765,7276.170385656326,2271.962056869722
2009-12-16,26613.066774816572,12350.015091473106,41234.98957001513,20886.92905364359,4310.501930076021,1415.635791096958
2009-12-17,31619.183143266768,17390.557231003804,45890.46515861892,20874.16350970642,10456.15390043073,288.8657331296145
2009-12-18,21971.65017566172,7089.454054584857,35118.68244243555,20861.397965769247,1486.2955750412414,-376.0433651487669
2009-12-19,-3372.198998891301,-17188.238715428826,9111.400624560369,20848.632421832073,-23599.984292602247,-620.8471281211258
2009-12-20,15068.176393229449,943.6938361320697,30119.346534723834,20835.866877894907,-4708.069010474655,-1059.6214741908036
2009-12-21,23595.923312316627,9775.818230992681,37833.578221959295,20823.101333957733,4778.931511952767,-2006.1095335938737
2009-12-22,25200.631525939127,10827.516645439842,39404.33204379184,20810.33579002056,7276.170385645175,-2885.8746497266056
2009-12-23,22471.679220965856,8767.46061952381,36216.76017858069,20797.57024608339,4310.501930058399,-2636.3929551759343
2009-12-24,30443.801160367693,16234.503403286393,44984.62876564536,20784.804702146215,10456.153900424206,-797.1574422027309
2009-12-25,-1163.9164001312784,-14574.929327018855,12205.095057943267,20772.03915820904,1486.2955750077197,1772.1140211639597
2009-12-26,495.47000427022067,-13155.599049768922,13946.658174557553,20759.27367081839,-23599.98429259753,3347.7989252071884
2009-12-27,18730.890468418558,4196.879870351739,32363.59957319097,20746.508183427744,-4708.0690105036665,2692.4512954944817
2009-12-28,-1293.5936067230614,-14767.066379833605,12926.01956029256,20733.742696037094,4778.93151194495,130.4932415932956
2009-12-29,25356.404322619364,11536.541568152652,40363.25155996006,20720.977208646444,7276.1703856340255,-2640.7432716611042
2009-12-30,21138.168561646267,7818.782088560217,35312.73020498414,20708.211721255793,4310.501930040776,-3880.5450896502985
2009-12-31,28026.08009597897,13852.052055060736,40789.23811916574,20695.446233865143,10456.15390044625,-3125.520038332421
2010-01-01,-332.2227658660777,-14439.977136035302,14259.041370418416,20682.680746474492,1486.2955750638268,-1372.7664319467967
2010-01-02,-2972.702932217868,-16453.83906299354,11091.779884170059,20669.915259083846,-23599.98429260367,-42.63389869804313
2010-01-03,16220.323976120915,2010.36667694969,30607.476133958608,20657.149771693195,-4708.0690105326785,271.24321496039573
2010-01-04,25554.59634616205,11126.791800076006,39419.69776045863,20644.384284302545,4778.931511953509,131.2805499059948
2010-01-05,28364.408075752017,14373.963014156894,42440.619240316635,20631.618796911895,7276.1703856486465,456.61889319147684
2010-01-06,26389.12467057234,12667.529228589423,40785.391481324805,20618.853309521244,4310.501930037798,1459.769431013297
2010-01-07,33447.988447206895,20624.363973012212,47499.467446713476,20606.088027908765,10456.153900439724,2385.7465188584065
2010-01-08,24368.95926356528,10604.366283438725,39117.67687763423,20593.322746296286,1486.2955750303056,2289.340942238688
2010-01-09,-1966.7059319512264,-15724.824295979213,11574.568928951348,20580.557464683807,-23599.984292609806,1052.720895974777
2010-01-10,15474.325781382844,1716.0348379664424,28882.770404935723,20567.792183071324,-4708.069010517468,-385.3973911710118
2010-01-11,24496.504861807392,10710.55620382742,38852.21867595027,20555.02690145885,4778.93151193239,-837.4535515838475
2010-01-12,27874.7409535877,13208.57614609654,41717.90185287307,20542.261619846366,7276.170385626272,56.30894811506123
2010-01-13,26350.19711348808,11473.743426535946,40139.79698425629,20529.496338233886,4310.5019300502445,1510.198845203951
2010-01-14,33295.913174042274,19058.51777460424,47212.97430849261,20516.731056621407,10456.153900433199,2323.028216987667
2010-01-15,23928.54095611528,9732.36665486776,36100.27530379484,20503.965775008928,1486.2955750179042,1938.2796060884457
2010-01-16,-2281.868299848342,-16296.492062262709,11868.140307605778,20491.200493396445,-23599.984292606296,826.9154993615061
2010-01-17,15650.866840618772,1023.5044086249383,29562.17308756021,20478.43521178397,-4708.069010542749,-119.49936062245017
2010-01-18,24727.56175465093,9259.811329063194,39224.91586249664,20465.66993017149,4778.931511940949,-517.0396874615086
2010-01-19,26954.0426375132,13182.71598434958,40152.21442209601,20456.359957176934,7276.170385640895,-778.4877053046271
2010-01-20,23273.69081833677,9037.14391866623,36681.54790556779,20447.04998418238,4310.501930077336,-1483.8610959229447
2010-01-21,28372.957724288994,15003.008978939408,42954.05627153407,20437.740011187823,10456.153900426674,-2520.936187325503
2010-01-22,18956.448825194428,4761.950957462089,33400.91400676772,20428.43003819327,1486.2955750317697,-2958.2767880306096
2010-01-23,-5074.61525662466,-18219.611296170424,8031.478805267072,20419.120065198713,-23599.98429261123,-1893.7510292121437
2010-01-24,16199.258087787239,2101.3287011729167,29919.38064346985,20409.810092204163,-4708.069010531271,497.51700611434455
2010-01-25,27969.551214618965,12956.164837031125,42273.319541762314,20400.500119209606,4778.931511949506,2790.1195834598525
2010-01-26,30987.799707527854,16634.450803639724,44272.72216517259,20391.190146215053,7276.1703856297445,3320.439175683057
2010-01-27,26256.138266872233,13101.803538557937,39990.910784438835,20381.880173220496,4310.501930044288,1563.7561636074483
2010-01-28,29472.981863184454,14848.603503982305,44392.52667870051,20372.57020022594,10456.153900448719,-1355.7422374902028
2010-01-29,18329.233070017228,4846.250947790355,32053.516153741402,20363.260227231385,1486.2955750193707,-3520.322732233526
2010-01-30,-6962.49249954363,-21129.826939102888,7013.242850862869,20353.95025423683,-23599.984292596866,-3716.458461183591
2010-01-31,13361.729941741796,124.51964623535765,27640.416156804247,20347.87589279133,-4708.069010512331,-2278.0769405372016
2010-02-01,24532.564823857865,10541.418498950678,37607.36536211016,20341.80153134583,4778.931511958064,-588.1682194460324
2010-02-02,27840.07271280073,14859.532202294158,41804.75373407178,20335.727169900332,7276.170385658917,228.17515724148248
2010-02-03,24834.844642261323,10238.92662889043,39063.945887940354,20329.652808454837,4310.501930056734,194.6899037497526
2010-02-04,30976.84528104014,16509.819109862972,44642.427265564365,20323.578447009335,10456.153900413785,197.11293361701922
2010-02-05,22706.9034120178,8637.731966359852,36805.73840431005,20317.504085563836,1486.2955750069707,903.1037514469937
2010-02-06,-1287.8872686651666,-16413.33424267422,12585.103767235863,20311.429724118338,-23599.984292612655,2000.6672998291479
2010-02-07,18097.75968333517,4576.227416842004,31475.98704449583,20305.35536267284,-4708.069010537611,2500.4733311999425
2010-02-08,26852.458580004313,12778.979102641602,39960.67865838273,20299.28100122734,4778.931511936947,1774.246066840025
2010-02-09,27845.68960494923,13045.539459417345,41461.144254806626,20293.20663978184,7276.170385647766,276.31257951962476
2010-02-10,23811.73304406104,9598.599926204863,37864.104858625564,20287.13227833634,4310.501930039111,-785.9011643144129
2010-02-11,30204.975662578217,15158.342888468815,44384.46061166955,20281.05791689084,10456.15390043567,-532.2361547482935
2010-02-12,22557.12470177039,8634.985719247386,36574.17894729254,20278.699996275303,1486.2955749945716,792.1291305005179
2010-02-13,-1267.2929411794212,-15893.896880063674,13335.346186845256,20276.34207565977,-23599.98429259829,2056.3492757591
2010-02-14,17837.877201389045,3167.1843832801737,30611.482269087355,20273.984155044232,-4708.069010522401,2271.9620568672135
2010-02-15,26466.193537488365,13246.98837764306,41596.84839246616,20271.6262344287,4778.931511961879,1415.6357910977863
2010-02-16,27834.304432570047,13920.852212895452,42501.11670529188,20269.26831381316,7276.170385625394,288.86573313149137
2010-02-17,24201.368958130857,10636.971098336602,38421.97404865178,20266.910393197624,4310.5019300816275,-376.0433651483939
2010-02-18,30099.859244919586,16418.945892970893,44664.80583805173,20264.55247258209,10456.15390045771,-620.8471281202173
2010-02-19,20688.868652781563,6702.312276110815,35171.912451234406,20262.194551966557,1486.295575008434,-1059.6214741934282
2010-02-20,-5346.257194846079,-19592.39572205253,7208.97475035269,20259.83663135102,-23599.98429260443,-2006.1095335926725
2010-02-21,12663.535050510625,-549.9801972033406,26721.100104950296,20257.478710735482,-4708.069010503461,-2885.874649721395
2010-02-22,22397.659346894798,7303.568267111159,36100.252631170675,20255.12079011995,4778.931511954063,-2636.392955179214
2010-02-23,26736.712051597908,13034.496738638189,41341.21167558733,20257.699108173856,7276.170385628792,-797.1574422047406
2010-02-24,26342.893377439847,12497.426935775544,40769.902151302726,20260.27742622776,4310.50193004858,1772.1140211635081
2010-02-25,34066.808569939734,19888.045596439344,48511.633129247086,20262.855744281664,10456.153900451185,3347.7989252068865
2010-02-26,24444.180932846273,10531.683438337097,39036.21982714846,20265.434062335567,1486.2955750171554,2692.4512954935512
2010-02-27,-3201.478670629622,-17381.832883080602,10083.366031869891,20268.012380389475,-23599.984292610567,130.4932415914684
2010-02-28,12921.778416289077,-1039.398980371041,27520.634709583697,20270.590698443382,-4708.069010491984,-2640.743271662321
2010-03-01,21171.555438781434,7647.309625030806,35164.634840824205,20273.169016497282,4778.931511932945,-3880.545089648793
2010-03-02,24426.397681861657,11101.083458779962,39336.89152995416,20275.74733455119,7276.170385643414,-3125.5200383329448
2010-03-03,23216.061150719037,9399.299917255985,37470.64426161491,20278.325652605094,4310.501930061026,-1372.766431947082
2010-03-04,30694.423972434848,16493.917260591195,44636.482381522284,20280.903970658997,10456.15390047307,-42.63389869721959
2010-03-05,22041.021078709065,7997.170087987336,35919.30130294247,20283.4822887129,1486.29557503102,271.24321496514267
2010-03-06,-3182.6431359320995,-17565.864678020007,10637.650330742561,20286.06060676681,-23599.98429260585,131.2805499069442
2010-03-07,16037.188815509555,2273.734819598144,30438.462005592934,20288.638932835547,-4708.0690105172625,456.61889319126885
2010-03-08,26529.918201860164,12483.629145605088,40811.91570823363,20291.217258904282,4778.931511941502,1459.7694310143793
2010-03-09,29955.712489466834,15664.346847856325,44276.02427093623,20293.79558497302,7276.170385632264,2385.74651886155
2010-03-10,26896.216783357842,12652.266329419503,40197.94946057808,20296.37391104176,4310.50193007347,2289.340942242611
2010-03-11,31807.827033526202,17392.42363081721,45555.79881186016,20298.952237110494,10456.153900438137,1052.7208959775717
2010-03-12,21402.428747096565,7713.92291878673,35453.752447634346,20301.530563179233,1486.295575087129,-385.3973911697949
2010-03-13,-4133.328954937471,-17905.266280928754,9454.430777010932,20304.10888924797,-23599.984292602338,-837.4535515831067
2010-03-14,15654.92715293241,1727.3670285534326,29645.36735765986,20306.687215316706,-4708.069010502053,56.30894811775847
2010-03-15,26598.395898526356,13216.56192465814,40246.933321280645,20309.265541385445,4778.931511936759,1510.198845204154
2010-03-16,29911.04247009185,16798.707357825802,43741.46947539199,20311.843867454183,7276.170385646887,2323.028216990778
2010-03-17,26563.203729682828,11778.643696503346,40589.68629217228,20314.422193522918,4310.501930070496,1938.279606089415
2010-03-18,31600.06991941313,16340.594426806985,45484.13564998056,20317.000519591653,10456.153900460182,826.915499361297
2010-03-19,21686.375723152647,7303.658297414553,35579.25354560469,20319.579508718987,1486.295575053607,-119.49936061994818
2010-03-20,-3794.8654822195094,-17621.59154718107,10647.239674871335,20322.15849784632,-23599.98429260848,-517.0396874573497
2010-03-21,14838.180771181142,1418.4707683731242,28304.532365010436,20324.737486973656,-4708.069010486845,-778.4877053056684
2010-03-22,23622.386892125523,10082.70187556476,37753.409074975505,20327.316476100987,4778.931511948388,-1483.8610959238501
2010-03-23,25085.1296635262,11026.182087905085,38760.658239436416,20329.895465228325,7276.170385624512,-2520.9361873266353
2010-03-24,21684.699596377162,7726.262470097389,35129.4812722828,20332.47445435566,4310.50193005287,-2958.2767880313677
2010-03-25,28897.45631472807,14529.592764699375,43800.943169878235,20335.053443482993,10456.153900453655,-1893.7510292085758
2010-03-26,22321.44501374239,6750.412199596683,35966.32600139765,20337.632432610324,1486.2955750200858,497.517006111977
2010-03-27,-469.6532874079385,-14991.251005326947,14549.486711204712,20340.21142173766,-23599.984292604964,2790.119583459365
2010-03-28,18955.160576032005,4440.9131091982645,33969.07366460588,20342.790410864996,-4708.0690105158565,3320.439175682867
2010-03-29,26688.057075538796,12421.948303934172,40827.488056819086,20345.369399992327,4778.931511940572,1563.7561636058963
2010-03-30,26268.376537266893,12589.786469513232,40572.72614613904,20347.94838911966,7276.170385639133,-1355.7422374919042
2010-03-31,21140.70667321398,8951.862142295508,34344.604697845505,20350.527475382652,4310.501930065316,-3520.3227322339912
2010-04-01,27092.802000910237,14050.46217036228,39281.56276609459,20353.106561645636,10456.153900447289,-3716.4584611826913
2010-04-02,77.1920186264797,-14084.26158357806,13389.10915422468,20355.685647908624,1486.2955750761923,-2278.076940535938
2010-04-03,-3829.8877778852657,-17776.778512634894,10437.861240791632,20358.26473417161,-23599.9842926099,-588.1682194469798
2010-04-04,15880.949967177068,2909.8454668196237,29584.506010737212,20360.843820434595,-4708.069010496917,228.17515723939067
2010-04-05,25337.044322394744,10873.995156950046,38302.51090012846,20363.422906697582,4778.93151194913,194.6899037480305
2010-04-06,27839.28531223337,14289.672705180294,41294.9429195798,20366.00199296057,7276.170385653758,197.1129336190413
2010-04-07,25582.186760717086,12503.688173048826,39089.50786968174,20368.581079223557,4310.501930047694,903.1037514458365
2010-04-08,32827.98136575306,19215.240227429007,47260.503208583796,20371.160165486544,10456.153900440924,2000.667299825592
2010-04-09,24360.508157993037,10564.473548666052,38902.61358689602,20373.739251749532,1486.295575042672,2500.473331200836
2010-04-10,-1449.4198877539275,-15900.488325331053,12228.609224477792,20376.318338012516,-23599.984292606383,1774.2460668399433
2010-04-11,15947.140993313456,2024.5528356269938,28920.771292370144,20378.897424275503,-4708.069010481709,276.31257951965995
2010-04-12,24374.506862734794,9989.815342310454,38251.32886187655,20381.476515108334,4778.931511941315,-785.9011643148534
2010-04-13,27127.989836823686,13213.711681912278,41279.04445510065,20384.05560594117,7276.170385631383,-532.236154748866
2010-04-14,25489.265757349258,10702.388020501665,39672.33897193741,20386.634696774,4310.501930074785,792.1291305004715
2010-04-15,32901.71696379951,19574.174061711095,46111.95425724962,20389.213787606834,10456.1539004344,2056.349275758279
2010-04-16,24150.05051033655,10374.526750509302,37964.635222224555,20391.79287843966,1486.2955750302713,2271.962056866618
2010-04-17,-1789.97653223186,-16266.726396450678,12054.309447375234,20394.371969272495,-23599.984292602876,1415.6357910985157
2010-04-18,15977.747782679768,2339.948564793842,30495.71956981122,20396.951060105326,-4708.069010554939,288.86573312938077
2010-04-19,24802.41829772379,10166.060526504587,38511.52570760905,20399.53015093816,4778.931511936569,-376.04336515093905
2010-04-20,27057.43249930091,13410.580350653208,41275.766638914305,20402.10924177099,7276.170385646004,-620.8471281160861
2010-04-21,23655.568788468812,9480.907875853218,36612.18263906193,20404.688332603826,4310.501930057163,-1059.62147419218
2010-04-22,28857.311790271026,15440.082383094894,43259.190062646005,20407.267423436653,10456.153900427877,-2006.1095335935036
2010-04-23,19010.267439543728,4790.128244394786,32796.06973410422,20409.846514269488,1486.2955749967502,-2885.8746497225093
2010-04-24,-5823.951641638083,-19905.087703098336,8041.867438521237,20412.425606148146,-23599.98429260781,-2636.39295517842
2010-04-25,14909.77824527986,1053.4502068421407,28324.807745598155,20415.0046980268,-4708.069010543462,-797.1574422034812
2010-04-26,26968.629323015834,12539.827119201569,41081.64314757743,20417.58378990546,4778.9315119451285,1772.1140211652444
2010-04-27,31044.132192626,17529.84110013998,45837.81692373745,20420.162881784116,7276.170385634855,3347.798925207031
2010-04-28,27425.69519924613,13561.819260713657,41653.897336458074,20422.741973662774,4310.501930084253,2692.451295499099
2010-04-29,31011.96820758549,16899.507965110304,46241.535686827665,20425.32106554143,10456.153900449917,130.49324159414292
2010-04-30,19273.452460786117,5818.988302698826,32974.87378221031,20427.90015742009,1486.2955750317353,-2640.743271665706
2010-05-01,-7050.050132954082,-20778.53587782856,6964.660493595255,20430.479249298744,-23599.9842926043,-3880.545089648526
2010-05-02,12599.469292321191,-1389.7717253747787,27381.48934749053,20433.058341177402,-4708.069010524519,-3125.52003833169
2010-05-03,-346.4628699820896,-14393.124735112457,12877.902643228736,20435.63743305606,4778.931511953685,-1372.7664319462353
2010-05-04,27671.753011887795,14151.243479230045,40802.45283666163,20438.216524934716,7276.170385649476,-42.633898696397246
2010-05-05,25022.540761825556,11315.631430768848,39241.30863665276,20440.795616813375,4310.501930051208,271.2432149609752
2010-05-06,31030.80917315565,16795.698117409127,45337.08273081428,20443.374722836543,10456.153900414984,131.28054990412073
2010-05-07,22388.868297070334,7856.126749933685,36981.12111519074,20445.95382885971,1486.2955750193362,456.6188931912888
2010-05-08,-1691.6819267143255,-15270.694439848028,12138.245191323569,20448.532934882875,-23599.984292610436,1459.7694310132342
2010-05-09,18128.78954925866,4693.387320412261,31896.352456282413,20451.112040906042,-4708.069010509311,2385.74651886193
2010-05-10,27521.96360110054,12886.941821152166,42003.38950891276,20453.69114692921,4778.931511932567,2289.3409422387613
2010-05-11,28785.161534580508,14533.557684392006,42593.640413023255,20456.270252952378,7276.170385652876,1052.7208959752531
2010-05-12,24383.953897838925,10085.268356885357,38277.48944149539,20458.84935897554,4310.501930033583,-385.39739117019866
2010-05-13,30080.128813851326,15734.024624977861,44650.40861366383,20461.42846499871,10456.153900436868,-837.453551584251
2010-05-14,22006.61209414362,8305.260815253152,36639.505401693656,20464.007571021877,1486.2955750069357,56.3089481148062
2010-05-15,-1623.1987703489067,-15448.908925923677,13068.65944087952,20466.586677045045,-23599.98429259487,1510.1988452009205
2010-05-16,18084.124989524615,4970.246923169603,32036.948523001014,20469.16578306821,-4708.069010534591,2323.0282169909956
2010-05-17,27188.95600713711,13854.55194018298,41701.350794672086,20471.744889091377,4778.9315119575,1938.279606088233
2010-05-18,28577.41051345227,14813.00956404149,42145.792421463666,20474.324628448852,7276.170385641726,826.9154993616912
2010-05-19,24667.906937262254,10520.059158238291,38722.96952903144,20476.904367806328,4310.501930076099,-119.49936062017234
2010-05-20,30418.598320137586,16489.731583255325,43990.98830559386,20479.484107163804,10456.153900430343,-517.0396874565619
2010-05-21,21189.871716234327,7035.299677166047,34615.47564928328,20482.063846521283,1486.2955750207996,-778.4877053077548
2010-05-22,-4599.201802646108,-19007.400816635647,9370.922511073175,20484.643585878755,-23599.984292601006,-1483.8610959238538
2010-05-23,13258.218127396958,-1412.6950705359088,28217.756235188535,20487.22332523623,-4708.069010515649,-2520.9361873236244
2010-05-24,22310.457788511267,8532.519794677799,36494.62694289584,20489.80306459371,4778.931511949683,-2958.2767880321253
2010-05-25,25874.802160373776,12707.256403683059,39576.246751521205,20492.382803951183,7276.170385630573,-1893.7510292079805
2010-05-26,25302.981479465372,11001.97332079684,38504.28261337178,20494.962543308662,4310.501930043051,497.5170061136563
2010-05-27,33743.81576657767,19403.29742449854,47984.69487786436,20497.542282666138,10456.153900452387,2790.119583459145
2010-05-28,25306.856772735973,10759.525489718051,38695.83846501093,20500.12202202361,1486.295575029521,3320.4391756828422
2010-05-29,-1533.5263676192044,-15237.422647061838,12162.105215278916,20502.70176138109,-23599.984292607143,1563.756163606852
2010-05-30,14441.4703116776,119.01139447815859,29277.984298336996,20505.281559672032,-4708.069010504174,-1355.7422374902567
2010-05-31,-585.1803891927229,-14958.499067447587,13542.074673150297,20507.86135796298,4778.9315119582425,-3520.3227322315406
2010-06-01,24070.15308071874,9815.327874953844,37769.23904839104,20510.44115625392,7276.170385648524,-3716.458461183702
2010-06-02,22545.445944063336,7549.111047677815,36408.417434967036,20513.020954544867,4310.501930055499,-2278.076940537029
2010-06-03,30383.58643386577,16291.538642151472,43786.36923755342,20515.600752835813,10456.15390047427,-588.168219444316
2010-06-04,22232.651283361534,7782.016734062926,36555.83108706942,20518.180551126756,1486.2955749960013,228.17515723877642
2010-06-05,-2884.5340394482955,-17164.563935253405,10823.073080183382,20520.760349417702,-23599.984292613284,194.68990374728648
2010-06-06,16012.384070797023,1835.2430057831305,30148.52579210311,20523.340147708645,-4708.069010529452,197.112933617829
2010-06-07,26207.955209382184,12349.326578373051,40153.55703062777,20525.91994599959,4778.931511937123,903.1037514454713
2010-06-08,29805.337429757783,15445.367570900378,44147.38623902948,20528.499744290533,7276.170385637372,2000.6672998298766
2010-06-09,27342.054803853032,13398.117659255542,40791.49950481492,20531.07954258148,4310.501930067943,2500.47333120361
2010-06-10,32764.059308149917,18807.653031135498,45990.32377913469,20533.659340872422,10456.15390043934,1774.2460668381561
2010-06-11,22298.857752401243,9276.985907036782,35114.39119745626,20536.249597778482,1486.295575099492,276.31257952326933
2010-06-12,-3847.045602228951,-17264.681039131232,10165.486682320816,20538.839854684542,-23599.984292598918,-785.9011643145757
2010-06-13,15301.124946329553,2116.9620145349973,30170.71336769471,20541.430111590602,-4708.069010514245,-532.2361547468038
2010-06-14,26115.08101092457,11940.717896706103,39849.21410699726,20544.020368496655,4778.931511929307,792.1291304986067
2010-06-15,29879.13028681345,15411.520610467845,43624.51149260123,20546.610625402715,7276.1703856519935,2056.3492757587437
2010-06-16,27131.66486925482,13144.07274295417,41758.51248136738,20549.200882308774,4310.50193008039,2271.962056865655
2010-06-17,32423.58083077331,17315.80983435641,45563.17020032883,20551.791139214834,10456.15390046138,1415.6357910970955
2010-06-18,22329.54270431541,8309.079173731368,34947.78549239662,20554.38139612089,1486.2955750659733,288.86573312854483
2010-06-19,-3419.056004728671,-18411.238490079086,9668.179554269242,20556.97165302695,-23599.984292605055,-376.0433651505658
2010-06-20,15230.645771315701,1433.273527169064,29469.39763350657,20559.561909933007,-4708.0690104990335,-620.8471281182705
2010-06-21,24281.462204600553,10389.005387721128,37635.012205741645,20562.152166839067,4778.93151195424,-1059.621474192751
2010-06-22,25834.803275780534,11444.493355384131,39716.06261590013,20564.742423745123,7276.17038562962,-2006.109533594211
2010-06-23,21997.825862553225,7729.856621970563,36209.04794394359,20573.198582231358,4310.501930047344,-2885.8746497254747
2010-06-24,28401.41568599482,14547.245601762575,41630.44241889142,20581.65474071759,10456.153900454856,-2636.392955177625
2010-06-25,21279.24903205589,7590.940037307792,35328.54491754671,20590.11089920382,1486.295575053571,-797.1574422015025
2010-06-26,-1229.3032137460286,-14860.46377569786,13420.014690478707,20598.567057690056,-23599.984292601544,1772.1140211654558
2010-06-27,19246.753130900226,5168.871427027815,33869.24574921837,20607.023216176287,-4708.069010483826,3347.798925207767
2010-06-28,28086.862182113255,12951.793972115847,41847.08708370459,20615.47937466252,4778.931511952568,2692.451295498168
2010-06-29,28030.59916038531,14298.230409930522,41552.283769775015,20623.935533148753,7276.170385644245,130.4932415923159
2010-06-30,22302.1503500323,8080.389277316179,35728.49648690099,20632.391691634988,4310.50193005979,-2640.7432716624758
2010-07-01,27216.45666092253,13098.272922675724,41077.25778803162,20640.84785012122,10456.153900448331,-3880.54508964702
2010-07-02,19010.079545318655,4560.9465128765805,32599.57473561355,20649.30400860745,1486.295575041172,-3125.5200383299652
2010-07-03,-4314.9905574596305,-18470.977890214668,9191.041411005595,20657.760167093686,-23599.98429260648,-1372.766431946835
2010-07-04,15915.513416374262,2005.5062603344645,29491.438133876098,20666.216325579917,-4708.069010509106,-42.633898696548286
2010-07-05,25740.098696314402,10866.100549309669,39810.09789824816,20689.923969407264,4778.931511944752,271.24321496238576
2010-07-06,28121.082548776547,14232.627272955118,42772.82481272168,20713.63161323461,7276.170385633093,131.28054990884343
2010-07-07,25504.46008029585,11400.08176680875,40048.80810317951,20737.339257061958,4310.501930042165,456.61889319172195
2010-07-08,32676.97023234761,17820.893220044563,45718.209099244654,20761.046900889305,10456.153900441806,1459.7694310165004
2010-07-09,24656.79663865788,10990.51149496943,36995.93657106501,20784.75454471665,1486.295575076157,2385.746518865074
2010-07-10,-502.18116181734877,-14189.984423386935,11914.596757209363,20808.462188543996,-23599.984292602967,2289.3409422416253
2010-07-11,17176.821717850733,2722.2742145091115,31053.18240237827,20832.169832371343,-4708.069010493896,1052.7208959732836
2010-07-12,25249.41159696432,10860.96549772384,39216.04069991387,20855.87747619869,4778.931511936936,-385.3973911713049
2010-07-13,27318.301954064467,13470.37437776723,41539.45715131598,20879.585120026037,7276.170385621942,-837.4535515835098
2010-07-14,25270.1036420377,10033.523218487057,38737.38941434759,20903.292763853387,4310.501930069258,56.308948115054136
2010-07-15,32893.353153317425,19066.640967152376,46506.146798619746,20927.000407680734,10456.153900435598,1510.198845201089
2010-07-16,24783.793243279506,11422.059982072435,37474.70620373972,20974.469451248322,1486.2955750426383,2323.0282169885463
2010-07-17,-639.7661917039877,-14367.847160168603,12946.917566160817,21021.938494815913,-23599.9842926091,1938.2796060892024
2010-07-18,17188.25402727063,3351.893114180981,32135.431573357786,21069.4075383835,-4708.069010474958,826.9154993620851
2010-07-19,25776.308733259313,10692.757604960783,39946.635620076006,21116.87658195109,4778.931511932192,-119.49936062397279
2010-07-20,27923.476323686133,14155.182563713784,41870.75561270204,21164.34562551868,7276.17038562534,-517.0396874578885
2010-07-21,24743.82889383086,9556.053242260405,38888.904511096116,21211.81466908627,4310.501930051634,-778.4877053070453
2010-07-22,30231.576517158766,16247.790293460179,44078.09737240151,21259.28371265386,10456.153900429075,-1483.8610959241694
2010-07-23,20272.112143905804,6877.954369999448,34023.10004882449,21306.752756221445,1486.2955750091173,-2520.936187324757
2010-07-24,-5204.039280859888,-20124.965849318534,8476.93770958768,21354.221799789037,-23599.98429261524,-2958.2767880336833
2010-07-25,14799.870803585092,2414.5609198340712,28572.138075062707,21401.690843356628,-4708.069010555651,-1893.7510292158827
2010-07-26,26725.608404977436,12935.983082663204,40769.73302492486,21449.159886924215,4778.931511940749,497.5170061124707
2010-07-27,31562.918899591,17646.44163470516,45249.412089989775,21496.6289304918,7276.170385639962,2790.1195834592404
2010-07-28,29204.130752708003,14161.357841387857,43059.39008837661,21573.189646961844,4310.5019300640815,3320.4391756820796
2010-07-29,33669.66042748958,20103.02395264867,48105.298053339386,21649.750363431885,10456.15390045096,1563.7561636067326
2010-07-30,21856.864417454617,7626.662835304396,36372.93382526302,21726.311079901927,1486.2955750441024,-1355.7422374914115
2010-07-31,-5317.4352284706,-19249.615160273646,9372.750619548351,21802.87179637197,-23599.984292610527,-3520.3227322320413
2010-08-01,13454.90504112396,-84.57101063917722,27368.553001914937,21879.43251284201,-4708.06901053671,-3716.4584611813393
2010-08-02,24456.84780072503,10998.915873854348,39302.356575773345,21955.993229312055,4778.931511949308,-2278.076940536333
2010-08-03,28720.556111990256,14812.444000167365,42605.658517206946,22032.5539457821,7276.170385654586,-588.1682194464292
2010-08-04,26647.791749563505,12230.904184692406,40370.265085659776,22109.11466225214,4310.501930076525,228.1751572348368
2010-08-05,32836.519182884906,19482.258681683656,45794.842651537256,22185.675378722182,10456.153900416186,194.68990374654305
2010-08-06,23945.644603841894,11395.928100847292,36953.41544522289,22262.236095192224,1486.295575031702,197.11293361796723
2010-08-07,-358.08372949825934,-14146.975613835139,13676.950664899643,22338.796811662265,-23599.984292607012,903.103751446489
2010-08-08,19707.955817439393,5904.333209448755,34674.058292884765,22415.35752813231,-4708.069010521501,2000.667299828583
2010-08-09,29801.592868295338,15745.923033230018,44706.221079912524,22522.18802515481,4778.931511941492,2500.4733311990367
2010-08-10,31679.434974673375,16983.507349994044,46096.75516164267,22629.018522177314,7276.170385657984,1774.2460668380747
2010-08-11,27322.663528781617,12924.599566663546,41907.35675494525,22735.849019199817,4310.501930058123,276.31257952367474
2010-08-12,32512.932252345367,18618.753731742818,46835.13021587608,22842.679516222317,10456.153900438068,-785.9011643150166
2010-08-13,23903.56943351725,9680.755265373073,37938.68325790549,22949.51001324482,1486.2955750193019,-532.236154746873
2010-08-14,248.48534816454776,-13005.207005853154,13767.023719920719,23056.34051026732,-23599.9842926035,792.1291305007315
2010-08-15,20511.45127250286,5892.5218354156705,32922.9721882827,23163.171007289824,-4708.069010546781,2056.349275759816
2010-08-16,30320.895073130505,15380.501458654553,45668.394761607095,23270.001504312324,4778.931511953122,2271.9620568650594
2010-08-17,32068.638178079593,17997.345167975618,46347.38993843988,23376.83200133483,7276.170385646834,1415.635791097924
2010-08-18,28083.030161558323,13835.484078479998,42147.875375448944,23483.66249835733,4310.50193007057,288.86573313042186
2010-08-19,33670.60353066439,19078.397596900104,47261.44062687425,23590.492995379835,10456.153900431544,-376.04336514699236
2010-08-20,24562.771939268536,9998.74720178762,38695.135887732446,23697.323492402338,1486.29557498578,-620.8471281195824
2010-08-21,-833.4126040216797,-14807.943839298061,13507.133604266935,23826.193162772484,-23599.98429259879,-1059.621474195376
2010-08-22,17240.884289018642,3347.076860910574,30221.74767803869,23955.06283314264,-4708.069010531572,-2006.1095335924288
2010-08-23,25976.98936573375,11661.295098787936,39318.198790225,24083.932503512795,4778.931511945305,-2885.874649724352
2010-08-24,28852.57960434087,13834.88239411193,42086.03009314419,24212.802173882952,7276.170385635683,-2636.3929551777637
2010-08-25,27855.01633213261,14066.54519671904,42322.45939075687,24341.671844253106,4310.501930083017,-797.1574422035121
2010-08-26,36698.80943624185,22460.010425749933,50024.82849933643,24470.54151462326,10456.153900453586,1772.1140211650038
2010-08-27,29433.50568524247,16234.49484937778,43450.74335291843,24599.411184993416,1486.295575041887,3347.798925207169
2010-08-28,3820.7478582503136,-9145.22074738482,18030.379929783376,24728.28085536357,-23599.984292613375,2692.4512955001182
2010-08-29,20279.574756807848,6133.261188063962,34892.320392903835,24857.150525733723,-4708.069010516362,130.49324159048882
2010-08-30,27124.20843639405,13243.27410993968,40336.427202760045,24986.02019610388,4778.931511953862,-2640.7432716636927
2010-08-31,28510.515162474192,14946.457198141916,42925.86152724534,25114.889866474034,7276.170385650305,-3880.545089650148
2010-09-01,26428.741428561338,13139.899675039229,40813.088983970534,25243.759536844187,4310.501930049969,-3125.5200383328197
2010-09-02,34462.12935280849,20598.322699846165,48714.9692463022,25378.74188430824,10456.153900447061,-1372.7664319468076
2010-09-03,26957.385908080963,13062.300649280622,40863.576614722886,25513.724231772296,1486.2955750083677,-42.63389869969861
2010-09-04,2319.9655015847056,-11346.018241320846,15676.17600394279,25648.706579236346,-23599.98429260986,271.2432149582182
2010-09-05,21206.900466105275,7422.7991459005,34293.23287823907,25783.688926700408,-4708.0690105011545,131.28054990601976
2010-09-06,31154.22167928872,17633.67678908795,44064.365072792934,25918.67127416446,4778.931511932746,456.61889319151396
2010-09-07,34789.593438274016,21120.35642208605,49103.105262893136,26053.653621628506,7276.170385627931,1459.7694310175827
2010-09-08,32884.88441805035,20496.26401990572,47832.31850585782,26188.63596909256,4310.501930092484,2385.746518865303
2010-09-09,39069.113159237524,24979.883245415596,52216.66558830256,26323.618316556614,10456.153900440539,2289.340942240372
2010-09-10,28997.61713499271,14970.347893012819,42646.483962381164,26458.600664020665,1486.295574995967,1052.720895976078
2010-09-11,2608.2013277191363,-11352.391353208986,16324.475789743105,26593.58301148472,-23599.984292595498,-385.397391170088
2010-09-12,21183.04279683892,7398.742654814286,34719.9726306343,26728.565358948774,-4708.069010526434,-837.4535515834192
2010-09-13,31698.78816646906,17325.95876045879,46427.45496549579,26863.54770641283,4778.931511941304,56.308948114926274
2010-09-14,35784.89928710049,21794.793836709996,50084.85428650097,26998.53005623876,7276.170385657105,1510.1988452046264
2010-09-15,33767.04255312886,18599.777538297607,47946.859464953224,27133.512406064692,4310.501930074863,2323.0282169893026
2010-09-16,39662.9282624148,25543.214145251583,52583.20399511364,27268.494755890617,10456.153900434014,1938.2796060901724
2010-09-17,29716.688180087185,15721.613136877135,43874.67853984056,27403.477105716553,1486.295575009831,826.9154993608029
2010-09-18,3818.9758023193717,-11093.454147280701,18261.057961670158,27538.459455542477,-23599.984292601635,-119.49936062147079
2010-09-19,22448.33310739914,8690.206272975169,36591.12493923311,27673.441805368413,-4708.069010514956,-517.0396874543173
2010-09-20,31808.86796183888,18171.10264322105,45405.828649542265,27808.424155194338,4778.9315119498615,-778.487705305318
2010-09-21,33735.71579471742,19144.500849724547,47690.002071968964,27943.406505020273,7276.17038562018,-1483.861095923031
2010-09-22,29867.954597562122,16803.397451329245,44700.117781490146,28078.3888548462,4310.501930041817,-2520.93618732589
2010-09-23,35711.24831709819,21482.870704830704,50016.39009182824,28213.371204672134,10456.153900456056,-2958.27678803
2010-09-24,27940.89810035188,14655.680993424128,42111.19969747896,28348.35355449806,1486.2955750659382,-1893.7510292121185
2010-09-25,5380.868617840009,-9460.522489133542,19105.476923050617,28483.33590432399,-23599.98429259812,497.5170061141364
2010-09-26,26700.368822886056,13066.57752647435,40065.04097770447,28618.31824992332,-4708.069010496016,2790.119583458753
2010-09-27,36852.67128316378,22731.17939445382,50617.96016006397,28753.30059552265,4778.931511958418,3320.439175682713
2010-09-28,37728.20949037902,23662.861762803186,51355.84586738892,28888.282941121983,7276.170385649353,1563.7561636076884
2010-09-29,31978.024979285812,17145.88469633725,46426.37152901842,29023.265286721315,4310.501930054263,-1355.742237489764
2010-09-30,36094.07880050926,22545.93310841116,50673.34217365385,29158.247632320647,10456.153900421123,-3520.322732232507
2010-10-01,27063.067091791636,12892.407302846537,40265.58919831052,29293.22997791997,1486.2955750535375,-3716.4584611818723
2010-10-02,3550.151090370324,-10957.229627878272,16858.900437647793,29428.212323519303,-23599.98429261391,-2278.0769405350684
2010-10-03,24266.957439151334,10586.10816084958,38233.32449637714,29563.194669118635,-4708.069010521295,-588.1682194460027
2010-10-04,34705.283683896516,20811.011621800237,48674.03243077238,29698.17701471797,4778.9315119373,228.17515724124294
2010-10-05,37304.019649705406,23813.20881228339,51960.15752301861,29833.159360317295,7276.170385638203,194.68990374990656
2010-10-06,34475.75656957164,20933.567430408046,48563.11819297197,29968.141705916627,4310.5019300366375,197.1129336183724
2010-10-07,41462.381703407234,26301.352283483724,55284.701471024826,30103.12405151596,10456.153900443005,903.1037514482696
2010-10-08,33725.0692720332,19473.1438716265,46666.5933900083,30238.10639711529,1486.2955750885235,2000.6672998293884
2010-10-09,9273.57778131359,-4460.24977278035,22676.07702680575,30373.088742714615,-23599.984292599544,2500.4733311985187
2010-10-10,27574.248144645855,13465.629361182278,41633.707980384905,30508.071088313947,-4708.069010506086,1774.2460668379929
2010-10-11,35698.29752538415,20920.84254660617,50418.64117043366,30643.05343391328,4778.93151194893,276.31257952194215
2010-10-12,37268.30500082443,23167.897109744863,51055.6696666256,30778.035779512615,7276.1703856270515,-785.9011643152339
2010-10-13,34691.28390044207,21125.642846278126,48501.15468305626,30913.01812511194,4310.501930079152,-532.236154749024
2010-10-14,42296.28350167375,27152.02525055217,55670.37358090565,31048.00047071127,10456.15390046505,792.1291304974349
2010-10-15,34725.62766712272,20419.204797700164,49266.65947924171,31182.982816310603,1486.2955750550038,2056.349275757113
2010-10-16,9989.942926172174,-3945.017262097405,25244.563346448103,31317.965161909935,-23599.98429260568,2271.962056867922
2010-10-17,28160.514288120765,13560.808304898655,41972.44684087271,31452.94750750926,-4708.0690104871455,1415.6357910986533
2010-10-18,36655.72709817802,21882.04218685388,51535.96579670372,31587.92985310859,4778.931511941117,288.86573312831086
2010-10-19,38623.03921919004,25101.919645980965,53968.644033388286,31722.912198707923,7276.170385630449,-376.04336514833415
2010-10-20,35547.54934623247,22422.801129424468,49977.355483083644,31857.89454430726,4310.501930046107,-620.8471281208947
2010-10-21,41389.40931617205,28122.26661371688,54172.850725265045,31992.87688990659,10456.153900458525,-1059.6214741930671
2010-10-22,31608.04527695538,17984.65753522879,46391.150680902356,32127.859235505915,1486.2955750426024,-2006.1095335931363
2010-10-23,5776.982638766109,-7760.491415760964,19103.756725389718,32262.841581105247,-23599.984292611818,-2885.8746497273173
2010-10-24,25053.361961051938,11144.862348103894,40385.79266492119,32397.82392670458,-4708.0690104756695,-2636.39295517697
2010-10-25,36514.580342054505,23147.230912135303,50414.41280605245,32532.80627230391,4778.931511952745,-797.1574422021517
2010-10-26,41716.07302471505,27615.62770661955,55408.81768353731,32667.788617903236,7276.170385645071,1772.11402116674
2010-10-27,40461.07181876828,26794.040176792343,54947.49704426147,32802.77096350257,4310.501930058553,3347.798925207164
2010-10-28,46086.35850505272,32234.64885864068,60066.1521376353,32937.7533091019,10456.153900452158,2692.4512954986617
2010-10-29,34689.52447130348,19984.81677386498,49202.703683147076,33072.73565470123,1486.295575009082,130.49324159316353
2010-10-30,6966.990436031851,-8078.223615193136,21645.453066008053,33207.718000300556,-23599.984292607107,-2640.743271661602
2010-10-31,24754.086245751365,10544.045173001035,38699.72581390831,33342.70034589989,-4708.06901050095,-3880.54508964757
2010-11-01,35131.09416511259,21133.434776603397,49496.89856562079,33477.68269149923,4778.93151194493,-3125.5200383315646
2010-11-02,39516.068990786625,26620.26120729593,53014.797338297496,33612.66503709856,7276.170385633921,-1372.7664319458559
2010-11-03,38015.51541407,24835.460750359664,51859.66479755851,33747.64738269788,4310.501930070998,-42.63389869887567
2010-11-04,44610.026843671985,30198.08098099275,57801.01003993011,33882.629728297215,10456.153900417385,271.24321495738735
2010-11-05,35635.18819886737,21527.39431764055,49093.810945309815,34017.61207389655,1486.2955750651886,131.28054990563598
2010-11-06,11009.229020083847,-3463.249506494792,24921.75064319321,34152.59441949588,-23599.984292603593,456.6188931915585
2010-11-07,31039.2771855741,17558.600831239255,44700.63328474001,34287.576765095204,-4708.06901053369,1459.769431012589
2010-11-08,41587.23714149432,28650.90880705261,54956.24064856515,34422.55911069453,4778.931511937112,2385.7465188626825
2010-11-09,44123.05278417893,31463.23998811409,58471.60736862231,34557.54145629386,7276.170385648545,2289.3409422365226
2010-11-10,40055.746627935325,26362.263135728525,53830.876658693094,34692.52380189319,4310.5019300680215,1052.7208959741088
2010-11-11,44898.2626567606,30704.079021932834,58392.33078091161,34827.506147492524,10456.153900439269,-385.39739117119404
2010-11-12,35611.330516539034,21553.71736194486,49032.221700549664,34962.48849309185,1486.2955750316682,-837.4535515844829
2010-11-13,11553.795494196249,-1781.117888495757,24609.14745155059,35097.47083869118,-23599.984292609726,56.30894811479865
2010-11-14,32034.583018978785,18763.985184146106,46109.93121841006,35232.45318429051,-4708.069010514751,1510.198845203023
2010-11-15,42469.39525882544,29291.083601725335,56821.10000236584,35367.435529889844,4778.931511948744,2323.028216986854
2010-11-16,44716.86786720336,30256.799550022977,58576.00160450655,35502.41787548918,7276.170385626171,1938.2796060880125
2010-11-17,40774.8176505001,26201.015589504954,55217.06981854475,35637.40022108851,4310.501930050397,826.9154993611965
2010-11-18,46109.037106498516,30936.559522446812,58810.3848717949,35772.38256668784,10456.153900432744,-119.49936062206837
2010-11-19,36876.620799826305,24481.93230494338,51570.6282606754,35907.36491228717,1486.2955749981463,-517.0396874590145
2010-11-20,11663.875259971159,-2225.7198301939106,26802.711975016828,36042.347257886504,-23599.98429260622,-778.4877053091286
2010-11-21,29985.39949701789,15178.48048325447,43038.51457632592,36177.32960348583,-4708.069010543762,-1483.8610959241782
2010-11-22,38570.30727370023,24385.417011715545,52729.85803656478,36312.31194908516,4778.931511940927,-2520.9361873258567
2010-11-23,40765.18789229373,26523.251506748973,54728.7939944204,36447.29429468449,7276.170385640792,-2958.276788031557
2010-11-24,38999.0275411478,25620.054561592453,52649.39099565626,36582.276640283824,4310.501930077488,-1893.7510292135123
2010-11-25,47670.92989245359,33262.98697142639,62357.8970445156,36717.25898588315,10456.153900454628,497.51700611581555
2010-11-26,41128.65648999689,26958.593079517337,56072.64960080617,36852.24133148248,1486.295575054252,2790.119583460152
2010-11-27,16707.67856015335,3646.371488607198,31716.566852663982,36987.22367708181,-23599.984292611152,3320.4391756826894
2010-11-28,33977.89317575873,19622.127987535845,46744.870661906665,37122.206022681145,-4708.069010528552,1563.7561636061366
2010-11-29,40680.37764273849,27009.706386912134,54585.42982212011,37257.18836828047,4778.931511949483,-1355.7422374914652
2010-11-30,41148.01836730172,26888.609207794427,54893.953764111764,37392.1707138798,7276.170385655418,-3520.322732233495
2010-12-01,38121.19652834069,24407.31381701961,52305.6283861865,37527.15305947913,4310.501930044442,-3716.458461182884
2010-12-02,45840.21236498891,31525.76452490492,60297.924944826525,37662.135405078465,10456.15390044826,-2278.076940537812
2010-12-03,38695.24510625295,24811.65376678229,52414.3037362906,37797.1177506778,1486.295575020734,-588.1682194455757
2010-12-04,14560.290960910115,938.8705792287938,29521.76033179654,37932.10009627713,-23599.98429260764,228.17515724062878
2010-12-05,33553.70333511228,19871.45323706713,47382.17594266601,38067.08244187646,-4708.069010513344,194.68990374916282
2010-12-06,43178.109233036055,29696.755858886605,57453.711550843174,38202.06478747579,4778.931511941669,197.1129336185936
2010-12-07,46516.32127015567,32947.991689417024,61312.513240110326,38337.04713307512,7276.170385633042,903.1037514475083
2010-12-08,44783.19870859386,30242.74433982786,59195.10050243437,38472.02947867445,4310.501930086958,2000.6672998324555
2010-12-09,51563.639055916814,35967.9293658945,64964.041248509064,38607.01182427378,10456.153900441737,2500.473331201293
2010-12-10,42002.53581172076,28443.550512977516,55829.12592933173,38741.99416987311,1486.2955750083333,1774.2460668393098
2010-12-11,15553.304802382216,1821.1430624653708,30468.88552431654,38876.976515472445,-23599.98429261258,276.3125795223474
2010-12-12,33517.98868621833,19896.65368666531,47700.63054193972,39011.95886107177,-4708.069010538624,-785.9011643148208
2010-12-13,43393.636563861066,28626.422154326694,57463.81925642303,39146.9412066711,4778.931511936924,-532.2361547469616
2010-12-14,47350.22306841766,32776.13362985304,61274.04589383794,39281.92355227043,7276.170385647665,792.1291304995599
2010-12-15,45783.75710369729,31025.135765768613,59470.275597206804,39416.905897869765,4310.501930069336,2056.3492757581853
2010-12-16,52280.00420077126,38509.741303099625,65519.50331418957,39551.88824346909,10456.153900435213,2271.9620568669593
2010-12-17,42588.80195514271,27433.222063544774,56303.758882306254,39686.87058906842,1486.2955749748114,1415.6357910994816
2010-12-18,16510.734375199274,2302.0605786027727,30753.109337353864,39821.85293466775,-23599.984292598212,288.8657331297344
2010-12-19,34872.72290459518,21709.301594864814,49164.91166579165,39956.83528026709,-4708.069010527146,-376.04336514476097
2010-12-20,44249.90200969191,30713.031760538917,59526.683986455406,40091.81762586642,4778.931511945483,-620.847128119986
2010-12-21,46443.348882899685,31703.348707893092,59777.12416796723,40226.79997146575,7276.170385625289,-1059.621474191353
2010-12-22,42666.17471355426,28756.988078142127,57540.48084000678,40361.78231706508,4310.50193008178,-2006.1095335925988
2010-12-23,48067.04391339733,33621.66421283457,61429.86535296688,40496.76466266441,10456.153900457257,-2885.8746497243433
2010-12-24,39481.64962809853,26598.373015615973,53062.58886311891,40631.74700826374,1486.2955750097967,-2636.3929551749993
2010-12-25,-8824.777535445799,-23017.467110928053,4992.7856428465375,40766.72935386307,-23599.9842925947,-797.1574422021675
2010-12-26,37954.13841096041,24509.31458976463,52449.21287295177,40901.7116994624,-4708.069010508206,1772.114021164041
2010-12-27,49163.42448222367,36074.623700193246,63687.983205931894,41036.69404506173,4778.931511954039,3347.7989252079014
2010-12-28,24203.53701551485,9955.50185971848,38923.0538155598,41171.67639066106,7276.170385654462,2692.451295497731
2010-12-29,45747.65390790046,31848.41834199533,60097.177784522195,41306.65873626039,4310.501930048736,130.49324159133644
2010-12-30,49257.05171061937,35760.088476391036,63633.71842810604,41441.64108185972,10456.153900422323,-2640.7432716626745
2010-12-31,39182.37391280807,25857.016249575467,53331.06396475906,41576.62342745905,1486.2955749973967,-3880.5450896483803
2011-01-01,-6142.331213339545,-19441.144467729373,7089.254437280964,41711.605773058385,-23599.98429261049,-3125.52003832984
2011-01-02,35765.75267621826,20550.861269033558,48338.384593714116,41846.58811865771,-4708.069010492996,-1372.7664319464557
2011-01-03,46717.86807749191,33245.46327032036,60508.69370735367,41981.57046425704,4778.931511932923,-42.633898698052725
2011-01-04,49663.96641046406,35529.98600853794,63436.25813414469,42116.552809856374,7276.170385643311,271.24321496437585
2011-01-05,46693.317635396954,33378.10419368019,60670.86210107209,42251.53515545571,4310.50193003111,131.28054991012988
2011-01-06,53299.29029469146,39562.59303840831,67638.03733906081,42386.51750105504,10456.153900444206,456.61889319221905
2011-01-07,45467.564852721545,30818.885260196086,59302.21667929912,42521.49984665437,1486.2955750535039,1459.769431013671
2011-01-08,21442.24441852049,7983.542440854767,35091.157943894934,42656.4821922537,-23599.984292596124,2385.7465188629108
